CREATE DATABASE  IF NOT EXISTS `sakila` /*!40100 DEFAULT CHARACTER SET utf8mb4 COLLATE utf8mb4_0900_ai_ci */ /*!80016 DEFAULT ENCRYPTION='N' */;
USE `sakila`;
-- MySQL dump 10.13  Distrib 8.0.20, for macos10.15 (x86_64)
--
-- Host: 127.0.0.1    Database: sakila
-- ------------------------------------------------------
-- Server version	8.0.19

/*!40101 SET @OLD_CHARACTER_SET_CLIENT=@@CHARACTER_SET_CLIENT */;
/*!40101 SET @OLD_CHARACTER_SET_RESULTS=@@CHARACTER_SET_RESULTS */;
/*!40101 SET @OLD_COLLATION_CONNECTION=@@COLLATION_CONNECTION */;
/*!50503 SET NAMES utf8 */;
/*!40103 SET @OLD_TIME_ZONE=@@TIME_ZONE */;
/*!40103 SET TIME_ZONE='+00:00' */;
/*!40014 SET @OLD_UNIQUE_CHECKS=@@UNIQUE_CHECKS, UNIQUE_CHECKS=0 */;
/*!40014 SET @OLD_FOREIGN_KEY_CHECKS=@@FOREIGN_KEY_CHECKS, FOREIGN_KEY_CHECKS=0 */;
/*!40101 SET @OLD_SQL_MODE=@@SQL_MODE, SQL_MODE='NO_AUTO_VALUE_ON_ZERO' */;
/*!40111 SET @OLD_SQL_NOTES=@@SQL_NOTES, SQL_NOTES=0 */;

--
-- Table structure for table `address`
--

DROP TABLE IF EXISTS `address`;
/*!40101 SET @saved_cs_client     = @@character_set_client */;
/*!50503 SET character_set_client = utf8mb4 */;
CREATE TABLE `address` (
  `rowid` smallint unsigned NOT NULL AUTO_INCREMENT,
  `address` varchar(50) NOT NULL,
  `city` varchar(20) NOT NULL,
  `postal_code` varchar(10) NOT NULL,
  `phone` varchar(20) DEFAULT NULL,
  `last_update` timestamp NOT NULL DEFAULT CURRENT_TIMESTAMP,
  `street_number` varchar(45) NOT NULL,
  PRIMARY KEY (`rowid`)
) ENGINE=InnoDB AUTO_INCREMENT=108 DEFAULT CHARSET=utf8;
/*!40101 SET character_set_client = @saved_cs_client */;

--
-- Dumping data for table `address`
--

LOCK TABLES `address` WRITE;
/*!40000 ALTER TABLE `address` DISABLE KEYS */;
INSERT INTO `address` VALUES (1,'Marktstr.','Soltau','29614','','2008-06-20 15:41:00','3'),(2,'Hermann-Seidel-Str.','Dresden','1279','','2008-06-20 15:41:00','52'),(3,'Rathausstr.','Bickenbach','56291','','2008-06-20 15:41:00','2'),(4,'Am Schwarzenberg','Altenau','38707','','2008-06-20 15:41:00','4'),(5,'Wilhelmshavenerstr.','Nürnberg','90425','','2008-06-20 15:41:00','41'),(6,'Salzgasse','Münsingen','72525','','2008-06-20 15:41:00','12'),(7,'Bergstr.','Burgberg','87545','','2008-06-20 15:41:00','22'),(8,'Römerhügel','Soltau','29614','0165/6551241','2008-06-20 15:41:00','141'),(9,'Kevelaerer Straße','Heidekamp','23858','0150/4939179','2008-06-20 15:41:00','188'),(10,'Genholter Straße','Bickenbach','56291','0178/2365868','2008-06-20 15:41:00','83'),(11,'Markusstraße','Altenau','38707','0165/1254617','2008-06-20 15:41:00','44'),(12,'Am Bach','Soltau','29614','0173/8774761','2008-06-20 15:41:00','53'),(13,'Ludwigsteinstraße','Soltau','29614','0165/4084812','2008-06-20 15:41:00','54'),(14,'Waldescher Straße','Münsingen','72525','0175/6271904','2008-06-20 15:41:00','170'),(15,'Alter Münsterweg','Münsingen','72525','0153/3991220','2008-06-20 15:41:00','153'),(16,'Heilmannring','Münsingen','72525','0175/5672449','2008-06-20 15:41:00','68'),(17,'St.-Castor-Straße','Wolfsheim','55578','0164/2482386','2008-06-20 15:41:00','168'),(18,'Eltener Straße','Burgberg','87545','0167/1968485','2008-06-20 15:41:00','147b'),(19,'Im Rötchen','Wolfsheim','55578','0155/7870335','2008-06-20 15:41:00','45'),(20,'Nordhang','Altenau','38707','0177/8489524','2008-06-20 15:41:00','165'),(21,'Sterbecker Straße','Burgberg','87545','0179/6765347','2008-06-20 15:41:00','27'),(22,'Birkhahnweg','Bickenbach','56291','0175/4473531','2008-06-20 15:41:00','89'),(23,'Schelver Diek','Dresden','1279','0157/1293193','2008-06-20 15:41:00','29'),(24,'Unterdorfstraße','Burgberg','87545','0179/9246470','2008-06-20 15:41:00','175'),(25,'Dunkerhofstraße','Gütersloh','33330','0172/6246478','2008-06-20 15:41:00','45'),(26,'Lange Gasse','Ziegenhain','57632','0154/1835668','2008-06-20 15:41:00','185'),(27,'Bruch','Heidekamp','23858','0173/9108123','2008-06-20 15:41:00','142'),(28,'Hoverstraße','Dresden','1279','0163/5307117','2008-06-20 15:41:00','70'),(29,'Emmericher Straße','Ziegenhain','57632','0171/6405413','2008-06-20 15:41:00','62'),(30,'Junkergrund','Rodenäs','25924','0177/7129688','2008-06-20 15:41:00','177'),(31,'Am Kaisersgarten','Heidekamp','23858','0177/4266466','2008-06-20 15:41:00','43'),(32,'Wuppermannstraße','Altenau','38707','0157/8147373','2008-06-20 15:41:00','85'),(33,'Am Walde','Altenau','38707','0174/9530691','2008-06-20 15:41:00','95'),(34,'Auf dem Damm','Rodenäs','25924','0152/7392041','2008-06-20 15:41:00','118'),(35,'Im Höfchen','Wolfsheim','55578','0162/1892412','2008-06-20 15:41:00','111'),(36,'Dorfwiese','Rodenäs','25924','0163/5436120','2008-06-20 15:41:00','64'),(37,'Schlade','Hof an der Saale','95032','0154/8371110','2008-06-20 15:41:00','129'),(38,'Golostraße','Heidekamp','23858','0165/6621126','2008-06-20 15:41:00','22'),(39,'Auf der Huth','Dresden','1279','0162/5842370','2008-06-20 15:41:00','12'),(40,'Lederstraße','Soltau','29614','0153/9483564','2008-06-20 15:41:00','162'),(41,'Kufsteiner Straße','Altenau','38707','0153/8078534','2008-06-20 15:41:00','106'),(42,'Werningslebener Straße','Dresden','1279','0161/1477266','2008-06-20 15:41:00','22'),(43,'Helle Bieke','Soltau','29614','0163/8916036','2008-06-20 15:41:00','179'),(44,'Fischbacher Straße','Soltau','29614','0164/4000719','2008-06-20 15:41:00','173'),(45,'In der Bitze','Heidekamp','23858','0159/4103197','2008-06-20 15:41:00','118'),(46,'St. Sebastian','Altenau','38707','0157/2342222','2008-06-20 15:41:00','137'),(47,'Am Hochkreuz','Dresden','1279','0177/4222442','2008-06-20 15:41:00','66'),(48,'Büdinger Straße','Nürnberg','90425','0173/9403523','2008-06-20 15:41:00','150'),(49,'Mörfelder Landstraße','Dresden','1279','0176/9730078','2008-06-20 15:41:00','83'),(50,'Maria-Theresia-Straße','Dresden','1279','0150/6118651','2008-06-20 15:41:00','12'),(51,'Riedgaustraße','Wolfsheim','55578','0153/5620689','2008-06-20 15:41:00','185'),(52,'Niederndorfer Straße','Soltau','29614','0176/8241018','2008-06-20 15:41:00','194'),(53,'Am Mühlenweg','Gütersloh','33330','0157/5401840','2008-06-20 15:41:00','34'),(54,'Hangstraße','Dresden','1279','0173/2711011','2008-06-20 15:41:00','193a'),(55,'Wiesenpfad','Wolfsheim','55578','0175/8146424','2008-06-20 15:41:00','134'),(56,'Höhenstraße','Münsingen','72525','0155/7637123','2008-06-20 15:41:00','152'),(57,'Hanfackerweg','Ziegenhain','57632','0171/5021170','2008-06-20 15:41:00','102'),(58,'Anne-Frank-Straße','Soltau','29614','0151/7998726','2008-06-20 15:41:00','62'),(59,'Sterbecker Straße','Rodenäs','25924','0153/8131402','2008-06-20 15:41:00','98'),(60,'Märchenweg','Wolfsheim','55578','0158/7390738','2008-06-20 15:41:00','86'),(61,'Jan-von-Werth-Straße','Soltau','29614','0165/9756926','2008-06-20 15:41:00','93'),(62,'Nauheimer Straße','Ziegenhain','57632','0170/3645058','2008-06-20 15:41:00','82'),(63,'Bergmannstraße','Ziegenhain','57632','0169/3799397','2008-06-20 15:41:00','66'),(64,'Bennauerstraße','Soltau','29614','0156/3706383','2008-06-20 15:41:00','79'),(65,'Am Seifen','Nürnberg','90425','0175/6907889','2008-06-20 15:41:00','5'),(66,'Am Bildchen','Heidekamp','23858','0177/8774006','2008-06-20 15:41:00','156'),(67,'Eversumer Straße','Münsingen','72525','0153/8630466','2008-06-20 15:41:00','61'),(68,'Neckarstraße','Altenau','38707','0175/6361822','2008-06-20 15:41:00','155'),(69,'Blütenstraße','Heidekamp','23858','0152/6942079','2008-06-20 15:41:00','190'),(70,'Kurt-Tucholsky-Straße','Münsingen','72525','0164/5066667','2008-06-20 15:41:00','4'),(71,'Strippchens Hof','Soltau','29614','0170/8952483','2008-06-20 15:41:00','106'),(72,'Merodestraße','Altenau','38707','0169/1286156','2008-06-20 15:41:00','90'),(73,'Mörikeweg','Heidekamp','23858','0157/3648300','2008-06-20 15:41:00','36'),(74,'Kaiserallee','Rodenäs','25924','0160/1952648','2008-06-20 15:41:00','59'),(75,'Virchowstraße','Gütersloh','33330','0164/2056914','2008-06-20 15:41:00','57'),(76,'Schelmenbühl','Heidekamp','23858','0172/7015947','2008-06-20 15:41:00','80'),(77,'Wiedehagen','Heidekamp','23858','0176/7536897','2008-06-20 15:41:00','155'),(78,'Tutweg','Rodenäs','25924','0165/5125244','2008-06-20 15:41:00','76'),(79,'Bergkamp','Münsingen','72525','0152/7320231','2008-06-20 15:41:00','182'),(80,'Stahlenhauser Straße','Heidekamp','23858','0160/5945138','2008-06-20 15:41:00','47'),(81,'Kraneburgstraße','Gütersloh','33330','0170/1455237','2008-06-20 15:41:00','89'),(82,'Kahrstraße','Ziegenhain','57632','0163/5723229','2008-06-20 15:41:00','104'),(83,'Hödenbuschweg','Wolfsheim','55578','0153/7318976','2008-06-20 15:41:00','188'),(84,'Vor den Eichen','Wolfsheim','55578','0179/6661563','2008-06-20 15:41:00','165'),(85,'Afelskreuzstraße','Ziegenhain','57632','0161/8057744','2008-06-20 15:41:00','72'),(86,'Rundstraße','Burgberg','87545','0177/5538983','2008-06-20 15:41:00','68'),(87,'Josefshausstraße','Dresden','1279','0161/4903693','2008-06-20 15:41:00','144'),(88,'Am Kapellenberg','Dresden','1279','0159/9936425','2008-06-20 15:41:00','63'),(89,'Ortenaustraße','Ziegenhain','57632','0176/3077115','2008-06-20 15:41:00','191'),(90,'Marienthaler Straße','Rodenäs','25924','0178/7873808','2008-06-20 15:41:00','52'),(91,'Siegburger Straße','Heidekamp','23858','0172/5831798','2008-06-20 15:41:00','39'),(92,'Schultenstraße','Dresden','1279','0152/5418223','2008-06-20 15:41:00','81'),(93,'Lehmweg','Burgberg','87545','0162/6871693','2008-06-20 15:41:00','155'),(94,'In der Burg','Wolfsheim','55578','0152/3250351','2008-06-20 15:41:00','200'),(95,'Westfälische Straße','Altenau','38707','0173/4880095','2008-06-20 15:41:00','128'),(96,'Lippborger Straße','Hof an der Saale','95032','0150/1378542','2008-06-20 15:41:00','16'),(97,'Burgunder Straße','Rodenäs','25924','0162/7210356','2008-06-20 15:41:00','115'),(98,'Hörster','Gütersloh','33330','0157/1835809','2008-06-20 15:41:00','179'),(99,'Rohrkamp','Heidekamp','23858','0172/5893588','2008-06-20 15:41:00','171'),(100,'Ludwigsallee','Hof an der Saale','95032','0158/1282933','2008-06-20 15:41:00','175'),(101,'Platanenweg','Bickenbach','56291','0160/4413182','2008-06-20 15:41:00','138'),(102,'An den Höfen','Bickenbach','56291','0159/4361742','2008-06-20 15:41:00','7'),(103,'Agnesstraße','Rodenäs','25924','0164/2793166','2008-06-20 15:41:00','6'),(104,'Bövingen','Dresden','1279','0171/3506653','2008-06-20 15:41:00','175'),(105,'Kobergstraße','Wolfsheim','55578','0166/4282964','2008-06-20 15:41:00','11'),(106,'Ehrenstraße','Proschim','3130','0171/7489337','2008-06-20 15:41:00','108'),(107,'Am Mühlenfeld','Burgberg','87545','0178/7451958','2008-06-20 15:41:00','141');
/*!40000 ALTER TABLE `address` ENABLE KEYS */;
UNLOCK TABLES;

--
-- Table structure for table `brand`
--

DROP TABLE IF EXISTS `brand`;
/*!40101 SET @saved_cs_client     = @@character_set_client */;
/*!50503 SET character_set_client = utf8mb4 */;
CREATE TABLE `brand` (
  `rowid` tinyint unsigned NOT NULL AUTO_INCREMENT,
  `name` char(20) NOT NULL,
  `last_update` timestamp NOT NULL DEFAULT CURRENT_TIMESTAMP,
  PRIMARY KEY (`rowid`)
) ENGINE=InnoDB AUTO_INCREMENT=6 DEFAULT CHARSET=utf8;
/*!40101 SET character_set_client = @saved_cs_client */;

--
-- Dumping data for table `brand`
--

LOCK TABLES `brand` WRITE;
/*!40000 ALTER TABLE `brand` DISABLE KEYS */;
INSERT INTO `brand` VALUES (1,'rental brand','2019-12-26 22:10:50'),(2,'BOSCH','2019-12-24 07:28:34'),(3,'WAGNER','2019-12-20 19:50:18'),(4,'MSV','2019-12-22 05:45:49'),(5,'Kroll','2019-12-28 18:18:13');
/*!40000 ALTER TABLE `brand` ENABLE KEYS */;
UNLOCK TABLES;

--
-- Table structure for table `customer`
--

DROP TABLE IF EXISTS `customer`;
/*!40101 SET @saved_cs_client     = @@character_set_client */;
/*!50503 SET character_set_client = utf8mb4 */;
CREATE TABLE `customer` (
  `rowid` smallint unsigned NOT NULL AUTO_INCREMENT,
  `store_id` tinyint unsigned NOT NULL,
  `first_name` varchar(45) NOT NULL,
  `last_name` varchar(45) NOT NULL,
  `email` varchar(50) DEFAULT NULL,
  `address_id` smallint unsigned NOT NULL,
  `create_date` datetime NOT NULL,
  `last_update` timestamp NULL DEFAULT CURRENT_TIMESTAMP,
  PRIMARY KEY (`rowid`),
  KEY `idx_fk_store_id` (`store_id`),
  KEY `idx_fk_address_id` (`address_id`),
  CONSTRAINT `fk_customer_address` FOREIGN KEY (`address_id`) REFERENCES `address` (`rowid`) ON DELETE RESTRICT ON UPDATE CASCADE,
  CONSTRAINT `fk_customer_store` FOREIGN KEY (`store_id`) REFERENCES `store` (`rowid`) ON DELETE RESTRICT ON UPDATE CASCADE
) ENGINE=InnoDB AUTO_INCREMENT=80 DEFAULT CHARSET=utf8 COMMENT='Table storing all customers. Holds foreign keys to the address table and the store table where this customer is registered.\\n\\nBasic information about the customer like first and last name are stored in the table itself. Same for the date the record was created and when the information was last updated.';
/*!40101 SET character_set_client = @saved_cs_client */;

--
-- Dumping data for table `customer`
--

LOCK TABLES `customer` WRITE;
/*!40000 ALTER TABLE `customer` DISABLE KEYS */;
INSERT INTO `customer` VALUES (1,1,'Erhard','Drake','e.@company.none',27,'2008-06-20 17:45:00','2008-06-20 15:45:00'),(2,2,'Kirsten','Schlingmann','k-68@web.none',28,'2008-06-20 17:45:00','2008-06-20 15:45:00'),(3,3,'Ingelotte','Nitzsche','ingelotte_nitzsche@private.none',29,'2008-06-20 17:45:00','2008-06-20 15:45:00'),(4,4,'Helmtrud','Rimbach','helmtrud.rimbach@internet.none',30,'2008-06-20 17:45:00','2008-06-20 15:45:00'),(5,5,'Fränzi','Dieterich','fraenzi-dieterich@email.none',31,'2008-06-20 17:45:00','2008-06-20 15:45:00'),(6,6,'Raimer','Cox','raimer_cox@xyz.none',32,'2008-06-20 17:45:00','2008-06-20 15:45:00'),(7,7,'Aslind','Pasch','aslind_pasch@net.none',33,'2008-06-20 17:45:00','2008-06-20 15:45:00'),(8,1,'Mathilde','Westenberger','mathilde-westenberger@domain.none',34,'2008-06-20 17:45:00','2008-06-20 15:45:00'),(9,2,'Hanswalter','Voß','hanswalter_@internet.none',35,'2008-06-20 17:45:00','2008-06-20 15:45:00'),(10,3,'Hanswolf','Utecht','hanswolf_@mail.none',36,'2008-06-20 17:45:00','2008-06-20 15:45:00'),(11,4,'Bennet','Bauernfeind','b-bauernfeind@xyz.none',37,'2008-06-20 17:45:00','2008-06-20 15:45:00'),(12,5,'Gabriel','Gies','gabrielgies@internet.none',38,'2008-06-20 17:45:00','2008-06-20 15:45:00'),(13,6,'Guntmar','Nobis','guntmar@net.none',39,'2008-06-20 17:45:00','2008-06-20 15:45:00'),(14,7,'Amely','Wolber','a_wolber@domain.none',40,'2008-06-20 17:45:00','2008-06-20 15:45:00'),(15,1,'Gerdhilde','Ringler','gerdhilde-@company.none',41,'2008-06-20 17:45:00','2008-06-20 15:45:00'),(16,2,'Luzia','Kaltenbach','lkaltenbach@email.none',42,'2008-06-20 17:45:00','2008-06-20 15:45:00'),(17,3,'Jolante','Zacher','jolantezacher@net.none',43,'2008-06-20 17:45:00','2008-06-20 15:45:00'),(18,4,'Meta','Schrader','metaschrader@email.none',44,'2008-06-20 17:45:00','2008-06-20 15:45:00'),(19,5,'Arnfred','Schirrmacher','a.schirrmacher@private.none',45,'2008-06-20 17:45:00','2008-06-20 15:45:00'),(20,6,'Arne','Sack','a_sack@xyz.none',46,'2008-06-20 17:45:00','2008-06-20 15:45:00'),(21,7,'Timm','Neis','t-neis@internet.none',47,'2008-06-20 17:45:00','2008-06-20 15:45:00'),(22,1,'Cordian','Bonk','cordianbonk@web.none',48,'2008-06-20 17:45:00','2008-06-20 15:45:00'),(23,2,'Gottfrieda','Brücker','gottfrieda-@email.none',49,'2008-06-20 17:45:00','2008-06-20 15:45:00'),(24,3,'Volkhardt','Blunk','volkhardt-blunk@email.none',50,'2008-06-20 17:45:00','2008-06-20 15:45:00'),(25,4,'Traugott','Grimminger','traugott.grimminger@private.none',51,'2008-06-20 17:45:00','2008-06-20 15:45:00'),(26,5,'Dietram','Morbach','dmorbach@internet.none',52,'2008-06-20 17:45:00','2008-06-20 15:45:00'),(27,6,'Delia','Mohr','delia_mohr@spam.none',53,'2008-06-20 17:45:00','2008-06-20 15:45:00'),(28,7,'Agilbert','Mittag','agilbertmittag@domain.none',54,'2008-06-20 17:45:00','2008-06-20 15:45:00'),(29,1,'Erik','Ilg','erik-ilg@mail.none',55,'2008-06-20 17:45:00','2008-06-20 15:45:00'),(30,2,'Wenzel','Stelter','wenzel_stelter@private.none',56,'2008-06-20 17:45:00','2008-06-20 15:45:00'),(31,3,'Veit','Jurisch','veit_jurisch@net.none',57,'2008-06-20 17:45:00','2008-06-20 15:45:00'),(32,4,'Kuno','Hommel','k_hommel@domain.none',58,'2008-06-20 17:45:00','2008-06-20 15:45:00'),(33,5,'Jana','Luig','j1918@domain.none',59,'2008-06-20 17:45:00','2008-06-20 15:45:00'),(34,6,'Linn','Kolberg','linn_kolberg@net.none',60,'2008-06-20 17:45:00','2008-06-20 15:45:00'),(35,7,'Anette','Fick','anette_fick@mail.none',61,'2008-06-20 17:45:00','2008-06-20 15:45:00'),(36,1,'Wilmut','Henzel','wilmut_henzel@company.none',62,'2008-06-20 17:45:00','2008-06-20 15:45:00'),(37,2,'Leonie','Senger','leoniesenger@web.none',63,'2008-06-20 17:45:00','2008-06-20 15:45:00'),(38,3,'Friedolf','Roppelt','friedolf-@domain.none',64,'2008-06-20 17:45:00','2008-06-20 15:45:00'),(39,4,'Brunhilde','Held','b@web.none',65,'2008-06-20 17:45:00','2008-06-20 15:45:00'),(40,5,'Reny','Gerlach','renygerlach@email.none',66,'2008-06-20 17:45:00','2008-06-20 15:45:00'),(41,6,'Rauthgundis','Alder','r.@mail.none',67,'2008-06-20 17:45:00','2008-06-20 15:45:00'),(42,7,'Irmengard','Kober','irmengard@xyz.none',68,'2008-06-20 17:45:00','2008-06-20 15:45:00'),(43,1,'Sylvia','Haas','sylvia_haas@mail.none',69,'2008-06-20 17:45:00','2008-06-20 15:45:00'),(44,2,'Bertwald','Fugmann','bertwald.fugmann@domain.none',70,'2008-06-20 17:45:00','2008-06-20 15:45:00'),(45,3,'Reinholdt','Kinne','r.kinne@internet.none',71,'2008-06-20 17:45:00','2008-06-20 15:45:00'),(46,4,'Käthi','Janning','kaethijanning@spam.none',72,'2008-06-20 17:45:00','2008-06-20 15:45:00'),(47,5,'Gerold','Ellermann','gerold.ellermann@web.none',73,'2008-06-20 17:45:00','2008-06-20 15:45:00'),(48,6,'Eitelbert','Dersch','eitelbert.42@web.none',74,'2008-06-20 17:45:00','2008-06-20 15:45:00'),(49,7,'Holdina','Geske','holdina_82@internet.none',75,'2008-06-20 17:45:00','2008-06-20 15:45:00'),(50,1,'Jons','Heßler','jons_hessler@private.none',76,'2008-06-20 17:45:00','2008-06-20 15:45:00'),(51,2,'Uve','Schwinghammer','uve@email.none',77,'2008-06-20 17:45:00','2008-06-20 15:45:00'),(52,3,'Jannis','Orth','jannis@email.none',78,'2008-06-20 17:45:00','2008-06-20 15:45:00'),(53,4,'Walther','Rose','walther_rose@company.none',79,'2008-06-20 17:45:00','2008-06-20 15:45:00'),(54,5,'Bernhilde','Kley','bernhilde.kley@web.none',80,'2008-06-20 17:45:00','2008-06-20 15:45:00'),(55,6,'Karsta','Tietje','karsta-@xyz.none',81,'2008-06-20 17:45:00','2008-06-20 15:45:00'),(56,7,'Heinzpeter','Schepers','heinzpeter_@internet.none',82,'2008-06-20 17:45:00','2008-06-20 15:45:00'),(57,1,'Gottwaldt','Luhmann','gottwaldt.@company.none',83,'2008-06-20 17:45:00','2008-06-20 15:45:00'),(58,2,'Emelie','Lippmann','emelie.@host.none',84,'2008-06-20 17:45:00','2008-06-20 15:45:00'),(59,3,'Ringo','Buder','ringo_buder@net.none',85,'2008-06-20 17:45:00','2008-06-20 15:45:00'),(60,4,'Olivia','Stiller','olivia-stiller@mail.none',86,'2008-06-20 17:45:00','2008-06-20 15:45:00'),(61,5,'Holger','Quaas','holgerquaas@company.none',87,'2008-06-20 17:45:00','2008-06-20 15:45:00'),(62,6,'Titus','Raiba','titus-@internet.none',88,'2008-06-20 17:45:00','2008-06-20 15:45:00'),(63,7,'Clarissa','Röhrl','croehrl@domain.none',89,'2008-06-20 17:45:00','2008-06-20 15:45:00'),(64,1,'Detrich','Hegmann','detrich@company.none',90,'2008-06-20 17:45:00','2008-06-20 15:45:00'),(65,2,'Gila','Hille','gila-@mail.none',91,'2008-06-20 17:45:00','2008-06-20 15:45:00'),(66,3,'Ernstfried','Leuthold','ernstfriedleuthold@web.none',92,'2008-06-20 17:45:00','2008-06-20 15:45:00'),(67,4,'Elgard','Reiners','elgard_reiners@domain.none',93,'2008-06-20 17:45:00','2008-06-20 15:45:00'),(68,5,'Eckhard','Haberstroh','eckhardhaberstroh@private.none',94,'2008-06-20 17:45:00','2008-06-20 15:45:00'),(69,6,'Carl','Winkels','carlwinkels@net.none',95,'2008-06-20 17:45:00','2008-06-20 15:45:00'),(70,7,'Gerhardt','Stegen','gerhardt.stegen@web.none',96,'2008-06-20 17:45:00','2008-06-20 15:45:00'),(71,1,'Klemens','Dittmer','kdittmer@web.none',97,'2008-06-20 17:45:00','2008-06-20 15:45:00'),(72,2,'Pirmin','Imhoff','pirmin_imhoff@xyz.none',98,'2008-06-20 17:45:00','2008-06-20 15:45:00'),(73,3,'Erni','Pust','erni_pust@web.none',99,'2008-06-20 17:45:00','2008-06-20 15:45:00'),(74,4,'Trixi','Deeken','t-@company.none',100,'2008-06-20 17:45:00','2008-06-20 15:45:00'),(75,5,'Wittmar','Bröder','wittmar.broeder@internet.none',101,'2008-06-20 17:45:00','2008-06-20 15:45:00'),(76,6,'Mathias','Wenz','m.wenz@internet.none',102,'2008-06-20 17:45:00','2008-06-20 15:45:00'),(77,7,'Wolfbert','Hitzler','wolfbert-@company.none',103,'2008-06-20 17:45:00','2008-06-20 15:45:00'),(78,1,'Marko','Elstner','melstner@company.none',104,'2008-06-20 17:45:00','2008-06-20 15:45:00'),(79,2,'Heinz','Hildmann','heinz92@mail.none',105,'2008-06-20 17:45:00','2008-06-20 15:45:00');
/*!40000 ALTER TABLE `customer` ENABLE KEYS */;
UNLOCK TABLES;

--
-- Table structure for table `equipment`
--

DROP TABLE IF EXISTS `equipment`;
/*!40101 SET @saved_cs_client     = @@character_set_client */;
/*!50503 SET character_set_client = utf8mb4 */;
CREATE TABLE `equipment` (
  `rowid` smallint unsigned NOT NULL AUTO_INCREMENT,
  `name` varchar(255) NOT NULL,
  `description` text,
  `release_year` year DEFAULT NULL,
  `brand_id` tinyint unsigned NOT NULL,
  `rental_rate` decimal(4,2) NOT NULL DEFAULT '4.99',
  `replacement_cost` decimal(5,2) NOT NULL DEFAULT '19.99',
  `special_features` set('Trailers','Commentaries','Deleted Scenes','Behind the Scenes') DEFAULT NULL,
  `last_update` timestamp NOT NULL DEFAULT CURRENT_TIMESTAMP,
  PRIMARY KEY (`rowid`),
  KEY `idx_fk_brand_id` (`brand_id`),
  CONSTRAINT `fk_film_language` FOREIGN KEY (`brand_id`) REFERENCES `brand` (`rowid`) ON DELETE RESTRICT ON UPDATE CASCADE
) ENGINE=InnoDB AUTO_INCREMENT=21 DEFAULT CHARSET=utf8;
/*!40101 SET character_set_client = @saved_cs_client */;

--
-- Dumping data for table `equipment`
--

LOCK TABLES `equipment` WRITE;
/*!40000 ALTER TABLE `equipment` DISABLE KEYS */;
INSERT INTO `equipment` VALUES (1,'Schwing-/Deltaschleifer',NULL,2005,1,9.60,79.99,NULL,'2019-12-24 04:16:08'),(2,'Fliesenhandkreissaege eintauchbar','180mm',2006,1,29.60,119.99,NULL,'2019-12-20 17:10:35'),(3,'Säbelsäge',NULL,2009,2,11.90,89.90,NULL,'2019-12-22 02:04:32'),(4,'Bohner- & Schleifmaschine',NULL,2012,1,33.20,639.99,NULL,'2019-12-28 07:50:56'),(5,'Stemmhammer',NULL,2010,1,26.90,99.99,NULL,'2019-12-22 10:01:04'),(6,'Teppichbodenentferner',NULL,2015,1,35.60,132.90,NULL,'2019-12-29 03:32:32'),(7,'Diamantbohrmaschine',NULL,2013,1,39.90,444.99,NULL,'2019-12-25 12:39:27'),(8,'Wand- und Deckenschleifer',NULL,2014,1,42.00,79.90,NULL,'2019-12-20 05:39:42'),(9,'Rand- und Kantenschleifer',NULL,2011,1,22.00,506.00,NULL,'2019-12-26 15:20:08'),(10,'Winkelschleifer',NULL,2015,1,13.60,54.60,NULL,'2019-12-30 12:41:37'),(11,'Stichsaege',NULL,2012,2,9.60,99.99,NULL,'2019-12-30 18:27:39'),(12,'Dampf-Tapetenabloeser',NULL,2004,3,12.60,88.99,NULL,'2019-12-20 07:13:27'),(14,'Steinsäge',NULL,2013,4,13.60,759.00,NULL,'2019-12-22 05:44:19'),(16,'Kreuzlinien Laser',NULL,2011,2,14.40,138.90,NULL,'2019-12-30 08:01:15'),(17,'Tacker',NULL,2015,2,13.60,86.70,NULL,'2019-12-20 23:53:16'),(18,'Heissluft-Pistole',NULL,2013,2,5.90,69.90,NULL,'2019-12-27 00:22:35'),(19,'Platten-/Klinkerschneider\"\"',NULL,2006,4,18.40,701.00,NULL,'2019-12-30 03:13:08'),(20,'Saugheber',NULL,2009,2,7.90,69.90,NULL,'2019-12-27 15:57:58');
/*!40000 ALTER TABLE `equipment` ENABLE KEYS */;
UNLOCK TABLES;

--
-- Table structure for table `inventory`
--

DROP TABLE IF EXISTS `inventory`;
/*!40101 SET @saved_cs_client     = @@character_set_client */;
/*!50503 SET character_set_client = utf8mb4 */;
CREATE TABLE `inventory` (
  `rowid` mediumint unsigned NOT NULL AUTO_INCREMENT,
  `equipment_id` smallint unsigned NOT NULL,
  `store_id` tinyint unsigned NOT NULL,
  `last_update` timestamp NOT NULL DEFAULT CURRENT_TIMESTAMP,
  PRIMARY KEY (`rowid`),
  KEY `idx_fk_equipment_id` (`equipment_id`),
  KEY `idx_store_id_equipment_id` (`store_id`,`equipment_id`),
  KEY `fk_inventory_store_idx` (`store_id`),
  CONSTRAINT `fk_inventory_film` FOREIGN KEY (`equipment_id`) REFERENCES `equipment` (`rowid`) ON DELETE RESTRICT ON UPDATE CASCADE,
  CONSTRAINT `fk_inventory_store` FOREIGN KEY (`store_id`) REFERENCES `store` (`rowid`) ON DELETE RESTRICT ON UPDATE CASCADE
) ENGINE=InnoDB AUTO_INCREMENT=168 DEFAULT CHARSET=utf8;
/*!40101 SET character_set_client = @saved_cs_client */;

--
-- Dumping data for table `inventory`
--

LOCK TABLES `inventory` WRITE;
/*!40000 ALTER TABLE `inventory` DISABLE KEYS */;
INSERT INTO `inventory` VALUES (1,9,2,'2019-12-20 23:24:01'),(2,2,4,'2019-12-23 12:02:25'),(3,8,3,'2019-12-24 02:22:29'),(4,10,4,'2019-12-28 16:49:23'),(5,6,5,'2019-12-21 23:33:29'),(6,19,1,'2019-12-28 09:11:54'),(7,3,1,'2019-12-22 08:04:14'),(8,2,2,'2019-12-27 03:21:43'),(9,4,7,'2019-12-21 12:51:46'),(10,9,6,'2019-12-30 06:00:02'),(11,16,4,'2019-12-23 08:55:08'),(12,8,5,'2019-12-27 15:46:17'),(13,20,4,'2019-12-26 07:20:22'),(14,7,5,'2019-12-26 06:59:36'),(15,14,6,'2019-12-26 21:25:07'),(16,10,3,'2019-12-30 12:48:57'),(17,8,3,'2019-12-21 00:07:01'),(18,5,6,'2019-12-30 17:33:29'),(19,3,2,'2019-12-25 07:14:09'),(20,1,1,'2019-12-30 17:42:36'),(21,5,6,'2019-12-23 15:32:01'),(22,20,1,'2019-12-27 07:48:41'),(23,3,6,'2019-12-26 02:00:23'),(24,6,1,'2019-12-24 06:45:19'),(25,2,4,'2019-12-21 06:41:50'),(26,4,6,'2019-12-21 09:00:27'),(27,20,4,'2019-12-25 18:44:57'),(28,14,4,'2019-12-20 21:20:50'),(29,11,4,'2019-12-24 01:42:13'),(30,6,1,'2019-12-23 11:55:21'),(31,18,2,'2019-12-25 20:14:56'),(32,2,7,'2019-12-22 00:57:33'),(33,20,3,'2019-12-26 21:14:45'),(34,12,5,'2019-12-30 11:18:42'),(35,14,4,'2019-12-21 07:02:47'),(36,18,4,'2019-12-29 15:24:55'),(37,17,2,'2019-12-29 19:51:23'),(38,17,3,'2019-12-24 03:29:53'),(39,20,2,'2019-12-28 11:28:21'),(40,20,2,'2019-12-24 09:03:49'),(41,9,7,'2019-12-23 00:00:34'),(42,16,3,'2019-12-21 06:53:34'),(43,4,6,'2019-12-22 12:00:16'),(44,17,6,'2019-12-27 13:56:06'),(45,18,5,'2019-12-26 09:41:00'),(46,18,3,'2019-12-21 10:15:52'),(47,7,2,'2019-12-23 13:06:54'),(48,19,7,'2019-12-29 05:15:54'),(49,18,4,'2019-12-30 14:04:03'),(50,20,4,'2019-12-26 13:41:23'),(51,12,4,'2019-12-28 04:33:53'),(52,16,5,'2019-12-30 08:38:42'),(53,14,3,'2019-12-23 14:05:23'),(54,19,1,'2019-12-21 12:03:05'),(55,17,6,'2019-12-22 13:29:05'),(56,16,5,'2019-12-22 13:51:32'),(57,4,6,'2019-12-27 14:39:06'),(58,18,5,'2019-12-21 09:31:55'),(59,2,4,'2019-12-22 13:37:08'),(60,12,1,'2019-12-22 12:14:08'),(61,2,3,'2019-12-24 07:46:27'),(62,17,7,'2019-12-20 17:16:36'),(63,4,5,'2019-12-24 12:55:53'),(64,5,7,'2019-12-24 03:58:03'),(65,19,7,'2019-12-20 16:34:26'),(66,20,5,'2019-12-23 22:48:05'),(67,9,7,'2019-12-29 12:41:53'),(68,10,6,'2019-12-22 12:46:46'),(69,7,4,'2019-12-28 00:17:32'),(70,3,2,'2019-12-24 01:14:20'),(71,7,2,'2019-12-21 08:20:56'),(72,5,5,'2019-12-27 11:11:46'),(73,11,6,'2019-12-27 18:57:21'),(74,6,7,'2019-12-30 07:28:34'),(75,16,4,'2019-12-24 00:37:56'),(76,18,5,'2019-12-21 19:03:16'),(77,16,5,'2019-12-22 02:07:25'),(78,7,2,'2019-12-26 02:04:54'),(79,20,2,'2019-12-20 05:44:44'),(80,1,6,'2019-12-20 12:28:08'),(81,1,6,'2019-12-30 06:36:25'),(82,1,1,'2019-12-28 16:00:56'),(83,5,4,'2019-12-28 20:00:18'),(84,1,5,'2019-12-19 23:41:31'),(85,6,2,'2019-12-23 18:33:08'),(86,14,4,'2019-12-29 00:52:07'),(87,10,4,'2019-12-21 21:28:14'),(88,20,7,'2019-12-30 07:32:05'),(89,2,5,'2019-12-27 17:13:06'),(90,14,6,'2019-12-20 04:52:58'),(91,14,7,'2019-12-21 11:10:04'),(92,8,6,'2019-12-20 09:05:57'),(93,8,4,'2019-12-22 05:03:34'),(94,1,6,'2019-12-27 11:13:48'),(95,17,5,'2019-12-30 15:26:33'),(96,11,4,'2019-12-27 23:02:09'),(97,3,6,'2019-12-24 09:06:00'),(98,11,7,'2019-12-25 12:42:55'),(99,9,6,'2019-12-26 15:40:49'),(100,6,2,'2019-12-27 17:16:36'),(101,1,7,'2019-12-24 17:01:07'),(102,18,3,'2019-12-23 11:50:06'),(103,18,2,'2019-12-22 13:06:35'),(104,12,3,'2019-12-22 23:15:24'),(105,9,3,'2019-12-21 06:01:12'),(106,6,6,'2019-12-29 18:26:03'),(107,17,5,'2019-12-29 20:04:50'),(108,16,3,'2019-12-25 19:30:33'),(109,12,7,'2019-12-22 11:56:54'),(110,18,1,'2019-12-28 23:06:35'),(111,3,3,'2019-12-29 05:53:57'),(112,14,2,'2019-12-22 14:36:26'),(113,9,4,'2019-12-28 05:31:28'),(114,20,6,'2019-12-25 16:46:34'),(115,19,4,'2019-12-25 13:00:18'),(116,18,3,'2019-12-30 07:00:15'),(117,4,7,'2019-12-28 22:23:23'),(118,8,6,'2019-12-22 02:12:29'),(119,11,7,'2019-12-21 11:21:21'),(120,18,2,'2019-12-30 04:45:18'),(121,1,5,'2019-12-20 17:13:25'),(122,5,3,'2019-12-28 20:49:02'),(123,16,7,'2019-12-29 20:11:08'),(124,18,2,'2019-12-27 02:07:49'),(125,2,4,'2019-12-24 10:17:35'),(126,9,6,'2019-12-25 08:40:11'),(127,3,7,'2019-12-20 03:49:53'),(128,8,3,'2019-12-24 22:26:22'),(129,16,1,'2019-12-25 01:41:34'),(130,14,6,'2019-12-22 06:52:09'),(131,5,5,'2019-12-26 17:52:07'),(132,19,6,'2019-12-24 21:22:34'),(133,3,1,'2019-12-29 15:29:23'),(134,18,1,'2019-12-22 10:15:39'),(135,18,7,'2019-12-30 15:21:04'),(136,11,5,'2019-12-26 13:24:02'),(137,5,3,'2019-12-27 00:09:02'),(138,20,5,'2019-12-30 09:53:33'),(139,5,6,'2019-12-21 11:15:40'),(140,6,3,'2019-12-27 09:10:29'),(141,14,3,'2019-12-20 03:32:51'),(142,17,1,'2019-12-20 16:22:41'),(143,19,4,'2019-12-28 00:04:53'),(144,17,7,'2019-12-20 08:49:59'),(145,9,7,'2019-12-28 10:49:17'),(146,1,5,'2019-12-21 11:39:56'),(147,19,6,'2019-12-22 23:05:57'),(148,1,3,'2019-12-22 00:49:17'),(149,12,7,'2019-12-27 22:23:45'),(150,3,2,'2019-12-24 15:51:33'),(151,11,7,'2019-12-21 08:56:15'),(152,7,3,'2019-12-28 09:41:11'),(153,5,1,'2019-12-21 23:07:46'),(154,12,1,'2019-12-27 13:23:52'),(155,20,5,'2019-12-23 10:26:23'),(156,16,4,'2019-12-29 01:19:50'),(157,1,3,'2019-12-24 11:46:40'),(158,12,2,'2019-12-20 15:34:46'),(159,18,6,'2019-12-27 02:26:58'),(160,1,1,'2019-12-24 18:56:58'),(161,8,5,'2019-12-22 02:41:46'),(162,4,2,'2019-12-28 02:31:12'),(163,5,5,'2019-12-26 16:52:35'),(164,17,2,'2019-12-24 01:38:00'),(165,9,7,'2019-12-30 02:48:34'),(166,14,1,'2019-12-29 03:53:00'),(167,9,1,'2019-12-25 19:40:12');
/*!40000 ALTER TABLE `inventory` ENABLE KEYS */;
UNLOCK TABLES;

--
-- Table structure for table `payment`
--

DROP TABLE IF EXISTS `payment`;
/*!40101 SET @saved_cs_client     = @@character_set_client */;
/*!50503 SET character_set_client = utf8mb4 */;
CREATE TABLE `payment` (
  `rowid` smallint unsigned NOT NULL AUTO_INCREMENT,
  `customer_id` smallint unsigned NOT NULL,
  `staff_id` tinyint unsigned NOT NULL,
  `rental_id` int DEFAULT NULL,
  `amount` decimal(5,2) NOT NULL,
  `payment_date` datetime NOT NULL,
  `last_update` timestamp NULL DEFAULT CURRENT_TIMESTAMP,
  PRIMARY KEY (`rowid`),
  KEY `idx_fk_staff_id` (`staff_id`),
  KEY `idx_fk_customer_id` (`customer_id`),
  KEY `fk_payment_rental_idx` (`rental_id`),
  CONSTRAINT `fk_payment_customer` FOREIGN KEY (`customer_id`) REFERENCES `customer` (`rowid`) ON DELETE RESTRICT ON UPDATE CASCADE,
  CONSTRAINT `fk_payment_rental` FOREIGN KEY (`rental_id`) REFERENCES `rental` (`rowid`) ON DELETE SET NULL ON UPDATE CASCADE,
  CONSTRAINT `fk_payment_staff` FOREIGN KEY (`staff_id`) REFERENCES `staff` (`rowid`) ON DELETE RESTRICT ON UPDATE CASCADE
) ENGINE=InnoDB DEFAULT CHARSET=utf8;
/*!40101 SET character_set_client = @saved_cs_client */;

--
-- Dumping data for table `payment`
--

LOCK TABLES `payment` WRITE;
/*!40000 ALTER TABLE `payment` DISABLE KEYS */;
/*!40000 ALTER TABLE `payment` ENABLE KEYS */;
UNLOCK TABLES;

--
-- Table structure for table `rental`
--

DROP TABLE IF EXISTS `rental`;
/*!40101 SET @saved_cs_client     = @@character_set_client */;
/*!50503 SET character_set_client = utf8mb4 */;
CREATE TABLE `rental` (
  `rowid` int NOT NULL AUTO_INCREMENT,
  `rental_date` datetime DEFAULT NULL,
  `inventory_id` mediumint unsigned DEFAULT NULL,
  `customer_id` smallint unsigned NOT NULL,
  `return_date` datetime DEFAULT NULL,
  `staff_id` tinyint unsigned NOT NULL,
  `last_update` timestamp NULL DEFAULT CURRENT_TIMESTAMP,
  `created_date` datetime NOT NULL,
  `order_confirmed_date` datetime DEFAULT NULL,
  `order_rejected_date` datetime DEFAULT NULL,
  `return_inspected_date` varchar(45) DEFAULT NULL,
  PRIMARY KEY (`rowid`),
  UNIQUE KEY `idx_rental` (`rental_date`,`inventory_id`,`customer_id`),
  KEY `idx_fk_inventory_id` (`inventory_id`),
  KEY `idx_fk_customer_id` (`customer_id`),
  KEY `idx_fk_staff_id` (`staff_id`),
  CONSTRAINT `fk_rental_customer` FOREIGN KEY (`customer_id`) REFERENCES `customer` (`rowid`) ON DELETE RESTRICT ON UPDATE CASCADE,
  CONSTRAINT `fk_rental_inventory` FOREIGN KEY (`inventory_id`) REFERENCES `inventory` (`rowid`) ON DELETE RESTRICT ON UPDATE CASCADE,
  CONSTRAINT `fk_rental_staff` FOREIGN KEY (`staff_id`) REFERENCES `staff` (`rowid`) ON DELETE RESTRICT ON UPDATE CASCADE
) ENGINE=InnoDB AUTO_INCREMENT=692 DEFAULT CHARSET=utf8;
/*!40101 SET character_set_client = @saved_cs_client */;

--
-- Dumping data for table `rental`
--

LOCK TABLES `rental` WRITE;
/*!40000 ALTER TABLE `rental` DISABLE KEYS */;
INSERT INTO `rental` VALUES (1,NULL,15,3,NULL,9,'2020-05-28 03:05:43','2020-05-28 05:05:43',NULL,NULL,NULL),(2,NULL,156,2,NULL,4,'2020-02-21 17:06:06','2020-02-21 18:06:06',NULL,NULL,NULL),(3,NULL,31,3,NULL,20,'2020-04-26 10:45:17','2020-04-26 12:45:17',NULL,NULL,NULL),(4,NULL,139,32,NULL,9,'2020-05-08 07:04:53','2020-05-08 09:04:53',NULL,NULL,NULL),(5,NULL,129,44,NULL,6,'2020-03-09 13:06:31','2020-03-09 14:06:31',NULL,NULL,NULL),(6,NULL,15,43,NULL,9,'2020-03-17 14:26:59','2020-03-17 15:26:59',NULL,NULL,NULL),(7,NULL,131,18,NULL,12,'2020-01-01 16:13:18','2020-01-01 17:13:18',NULL,NULL,NULL),(8,NULL,62,24,NULL,11,'2020-02-14 20:16:48','2020-02-14 21:16:48',NULL,NULL,NULL),(9,NULL,63,18,NULL,16,'2020-03-25 09:03:22','2020-03-25 10:03:22',NULL,NULL,NULL),(10,NULL,146,65,NULL,12,'2020-05-09 03:44:24','2020-05-09 05:44:24',NULL,NULL,NULL),(11,NULL,54,54,NULL,1,'2020-03-25 16:31:01','2020-03-25 17:31:01',NULL,NULL,NULL),(12,NULL,166,65,NULL,5,'2020-05-30 05:40:18','2020-05-30 07:40:18',NULL,NULL,NULL),(13,NULL,46,1,NULL,15,'2020-02-19 03:44:03','2020-02-19 04:44:03',NULL,NULL,NULL),(14,NULL,66,8,NULL,2,'2020-04-24 15:32:58','2020-04-24 17:32:58',NULL,NULL,NULL),(15,NULL,57,68,NULL,7,'2020-04-05 11:11:33','2020-04-05 13:11:33',NULL,NULL,NULL),(16,NULL,74,64,NULL,14,'2020-05-15 12:33:38','2020-05-15 14:33:38',NULL,NULL,NULL),(17,NULL,113,4,NULL,13,'2020-05-10 06:27:09','2020-05-10 08:27:09',NULL,NULL,NULL),(18,NULL,159,23,NULL,7,'2020-03-15 12:04:44','2020-03-15 13:04:44',NULL,NULL,NULL),(19,NULL,80,41,NULL,7,'2020-04-07 21:54:40','2020-04-07 23:54:40',NULL,NULL,NULL),(20,NULL,59,38,NULL,18,'2020-02-22 19:03:02','2020-02-22 20:03:02',NULL,NULL,NULL),(21,NULL,26,26,NULL,7,'2020-05-06 10:37:12','2020-05-06 12:37:12',NULL,NULL,NULL),(22,NULL,64,56,NULL,14,'2020-02-08 10:54:01','2020-02-08 11:54:01',NULL,NULL,NULL),(23,NULL,81,31,NULL,8,'2020-02-14 17:08:43','2020-02-14 18:08:43',NULL,NULL,NULL),(24,NULL,63,72,NULL,2,'2020-02-07 00:28:54','2020-02-07 01:28:54',NULL,NULL,NULL),(25,NULL,131,55,NULL,16,'2020-01-31 02:10:32','2020-01-31 03:10:32',NULL,NULL,NULL),(26,NULL,37,63,NULL,20,'2020-04-08 07:48:20','2020-04-08 09:48:20',NULL,NULL,NULL),(27,NULL,97,20,NULL,9,'2020-03-01 00:22:00','2020-03-01 01:22:00',NULL,NULL,NULL),(28,NULL,39,78,NULL,20,'2020-02-05 03:29:07','2020-02-05 04:29:07',NULL,NULL,NULL),(29,NULL,104,16,NULL,3,'2020-05-20 06:12:27','2020-05-20 08:12:27',NULL,NULL,NULL),(30,NULL,118,76,NULL,7,'2020-03-06 10:18:13','2020-03-06 11:18:13',NULL,NULL,NULL),(31,NULL,80,9,NULL,7,'2020-03-04 07:52:51','2020-03-04 08:52:51',NULL,NULL,NULL),(32,NULL,39,55,NULL,20,'2020-03-20 14:51:55','2020-03-20 15:51:55',NULL,NULL,NULL),(33,NULL,51,36,NULL,13,'2020-06-02 05:41:23','2020-06-02 07:41:23',NULL,NULL,NULL),(34,NULL,27,39,NULL,18,'2020-04-07 04:22:34','2020-04-07 06:22:34',NULL,NULL,NULL),(35,NULL,18,47,NULL,8,'2020-03-24 22:52:32','2020-03-24 23:52:32',NULL,NULL,NULL),(36,NULL,163,32,NULL,2,'2020-02-09 04:04:54','2020-02-09 05:04:54',NULL,NULL,NULL),(37,NULL,31,73,NULL,20,'2020-03-27 22:44:11','2020-03-27 23:44:11',NULL,NULL,NULL),(38,NULL,82,13,NULL,6,'2020-04-01 18:08:54','2020-04-01 20:08:54',NULL,NULL,NULL),(39,NULL,39,55,NULL,20,'2020-01-19 09:13:46','2020-01-19 10:13:46',NULL,NULL,NULL),(40,NULL,70,17,NULL,20,'2020-04-16 16:34:32','2020-04-16 18:34:32',NULL,NULL,NULL),(41,NULL,155,52,NULL,12,'2020-04-20 06:02:15','2020-04-20 08:02:15',NULL,NULL,NULL),(42,NULL,16,18,NULL,10,'2020-02-16 04:07:22','2020-02-16 05:07:22',NULL,NULL,NULL),(43,NULL,46,79,NULL,19,'2020-01-18 14:48:46','2020-01-18 15:48:46',NULL,NULL,NULL),(44,NULL,7,64,NULL,6,'2020-02-17 09:57:31','2020-02-17 10:57:31',NULL,NULL,NULL),(45,NULL,87,31,NULL,13,'2020-05-20 16:05:02','2020-05-20 18:05:02',NULL,NULL,NULL),(46,NULL,98,54,NULL,14,'2020-02-20 12:22:59','2020-02-20 13:22:59',NULL,NULL,NULL),(47,NULL,59,5,NULL,4,'2020-04-21 17:09:52','2020-04-21 19:09:52',NULL,NULL,NULL),(48,NULL,135,42,NULL,14,'2020-01-24 09:36:06','2020-01-24 10:36:06',NULL,NULL,NULL),(49,NULL,42,35,NULL,19,'2020-03-31 02:59:54','2020-03-31 04:59:54',NULL,NULL,NULL),(50,NULL,71,29,NULL,20,'2020-02-04 14:26:25','2020-02-04 15:26:25',NULL,NULL,NULL),(51,NULL,85,36,NULL,20,'2020-03-12 07:11:38','2020-03-12 08:11:38',NULL,NULL,NULL),(52,NULL,57,11,NULL,9,'2020-04-20 04:52:30','2020-04-20 06:52:30',NULL,NULL,NULL),(53,NULL,81,68,NULL,8,'2020-05-22 06:49:43','2020-05-22 08:49:43',NULL,NULL,NULL),(54,NULL,158,75,NULL,20,'2020-02-18 04:01:22','2020-02-18 05:01:22',NULL,NULL,NULL),(55,NULL,36,28,NULL,4,'2020-04-10 04:10:00','2020-04-10 06:10:00',NULL,NULL,NULL),(56,NULL,81,68,NULL,7,'2020-01-02 10:33:25','2020-01-02 11:33:25',NULL,NULL,NULL),(57,NULL,86,79,NULL,13,'2020-03-05 16:43:19','2020-03-05 17:43:19',NULL,NULL,NULL),(58,NULL,69,55,NULL,13,'2020-03-18 22:38:51','2020-03-18 23:38:51',NULL,NULL,NULL),(59,NULL,14,33,NULL,12,'2020-01-04 20:46:57','2020-01-04 21:46:57',NULL,NULL,NULL),(60,NULL,46,60,NULL,19,'2020-01-14 03:31:57','2020-01-14 04:31:57',NULL,NULL,NULL),(61,NULL,136,41,NULL,16,'2020-02-07 18:13:07','2020-02-07 19:13:07',NULL,NULL,NULL),(62,NULL,53,42,NULL,10,'2020-01-31 18:29:15','2020-01-31 19:29:15',NULL,NULL,NULL),(63,NULL,75,8,NULL,18,'2020-06-01 19:30:33','2020-06-01 21:30:33',NULL,NULL,NULL),(64,NULL,91,69,NULL,11,'2020-02-12 15:14:15','2020-02-12 16:14:15',NULL,NULL,NULL),(65,NULL,30,66,NULL,5,'2020-03-30 16:38:04','2020-03-30 18:38:04',NULL,NULL,NULL),(66,NULL,107,38,NULL,2,'2020-04-28 22:39:15','2020-04-29 00:39:15',NULL,NULL,NULL),(67,NULL,64,16,NULL,17,'2020-06-02 18:29:06','2020-06-02 20:29:06',NULL,NULL,NULL),(68,NULL,116,25,NULL,3,'2020-05-30 20:36:15','2020-05-30 22:36:15',NULL,NULL,NULL),(69,NULL,135,12,NULL,14,'2020-05-12 03:25:55','2020-05-12 05:25:55',NULL,NULL,NULL),(70,NULL,132,46,NULL,9,'2020-05-28 10:17:23','2020-05-28 12:17:23',NULL,NULL,NULL),(71,NULL,106,30,NULL,8,'2020-01-31 04:57:25','2020-01-31 05:57:25',NULL,NULL,NULL),(72,NULL,53,51,NULL,3,'2020-03-29 06:32:14','2020-03-29 08:32:14',NULL,NULL,NULL),(73,NULL,13,8,NULL,18,'2020-05-08 13:02:17','2020-05-08 15:02:17',NULL,NULL,NULL),(74,NULL,163,24,NULL,16,'2020-03-26 20:55:22','2020-03-26 21:55:22',NULL,NULL,NULL),(75,NULL,35,28,NULL,13,'2020-04-08 18:07:54','2020-04-08 20:07:54',NULL,NULL,NULL),(76,NULL,123,18,NULL,11,'2020-03-23 00:04:14','2020-03-23 01:04:14',NULL,NULL,NULL),(77,NULL,70,41,NULL,20,'2020-04-19 04:10:53','2020-04-19 06:10:53',NULL,NULL,NULL),(78,NULL,165,55,NULL,11,'2020-04-05 18:07:59','2020-04-05 20:07:59',NULL,NULL,NULL),(79,NULL,4,57,NULL,13,'2020-03-16 18:50:50','2020-03-16 19:50:50',NULL,NULL,NULL),(80,NULL,106,78,NULL,9,'2020-04-30 00:29:06','2020-04-30 02:29:06',NULL,NULL,NULL),(81,NULL,110,49,NULL,1,'2020-02-10 18:30:10','2020-02-10 19:30:10',NULL,NULL,NULL),(82,NULL,83,29,NULL,4,'2020-04-24 18:02:32','2020-04-24 20:02:32',NULL,NULL,NULL),(83,NULL,66,79,NULL,12,'2020-02-04 01:23:44','2020-02-04 02:23:44',NULL,NULL,NULL),(84,NULL,35,78,NULL,4,'2020-03-06 04:15:48','2020-03-06 05:15:48',NULL,NULL,NULL),(85,NULL,147,30,NULL,7,'2020-05-27 18:24:02','2020-05-27 20:24:02',NULL,NULL,NULL),(86,NULL,79,17,NULL,20,'2020-04-28 07:27:05','2020-04-28 09:27:05',NULL,NULL,NULL),(87,NULL,28,12,NULL,18,'2020-03-22 10:24:04','2020-03-22 11:24:04',NULL,NULL,NULL),(88,NULL,111,58,NULL,10,'2020-03-14 11:13:56','2020-03-14 12:13:56',NULL,NULL,NULL),(89,NULL,77,40,NULL,16,'2020-01-07 16:09:31','2020-01-07 17:09:31',NULL,NULL,NULL),(90,NULL,141,2,NULL,15,'2020-01-07 09:44:58','2020-01-07 10:44:58',NULL,NULL,NULL),(91,NULL,92,23,NULL,8,'2020-03-30 11:48:55','2020-03-30 13:48:55',NULL,NULL,NULL),(92,NULL,167,49,NULL,5,'2020-02-04 18:09:06','2020-02-04 19:09:06',NULL,NULL,NULL),(93,NULL,123,50,NULL,14,'2020-04-09 07:43:54','2020-04-09 09:43:54',NULL,NULL,NULL),(94,NULL,48,30,NULL,17,'2020-02-18 01:53:35','2020-02-18 02:53:35',NULL,NULL,NULL),(95,NULL,133,43,NULL,5,'2020-03-17 20:10:59','2020-03-17 21:10:59',NULL,NULL,NULL),(96,NULL,118,60,NULL,7,'2020-03-02 10:02:57','2020-03-02 11:02:57',NULL,NULL,NULL),(97,NULL,24,52,NULL,6,'2020-04-16 00:37:28','2020-04-16 02:37:28',NULL,NULL,NULL),(98,NULL,5,27,NULL,2,'2020-01-26 17:37:11','2020-01-26 18:37:11',NULL,NULL,NULL),(99,NULL,60,73,NULL,5,'2020-04-30 17:52:03','2020-04-30 19:52:03',NULL,NULL,NULL),(100,NULL,139,58,NULL,8,'2020-02-07 22:04:50','2020-02-07 23:04:50',NULL,NULL,NULL),(101,NULL,64,40,NULL,14,'2020-05-12 14:56:24','2020-05-12 16:56:24',NULL,NULL,NULL),(102,NULL,34,17,NULL,16,'2020-05-08 07:51:30','2020-05-08 09:51:30',NULL,NULL,NULL),(103,NULL,45,25,NULL,12,'2020-01-31 05:07:18','2020-01-31 06:07:18',NULL,NULL,NULL),(104,NULL,2,77,NULL,4,'2020-03-09 02:27:11','2020-03-09 03:27:11',NULL,NULL,NULL),(105,NULL,148,77,NULL,19,'2020-05-22 17:20:29','2020-05-22 19:20:29',NULL,NULL,NULL),(106,NULL,158,20,NULL,20,'2020-01-04 14:14:30','2020-01-04 15:14:30',NULL,NULL,NULL),(107,NULL,137,5,NULL,15,'2020-04-17 17:08:31','2020-04-17 19:08:31',NULL,NULL,NULL),(108,NULL,134,22,NULL,1,'2020-01-26 20:20:40','2020-01-26 21:20:40',NULL,NULL,NULL),(109,NULL,115,3,NULL,13,'2020-02-26 19:18:31','2020-02-26 20:18:31',NULL,NULL,NULL),(110,NULL,55,28,NULL,8,'2020-02-02 06:22:21','2020-02-02 07:22:21',NULL,NULL,NULL),(111,NULL,117,60,NULL,14,'2020-04-15 17:23:39','2020-04-15 19:23:39',NULL,NULL,NULL),(112,NULL,15,71,NULL,8,'2020-04-01 21:46:46','2020-04-01 23:46:46',NULL,NULL,NULL),(113,NULL,146,19,NULL,16,'2020-04-23 18:31:50','2020-04-23 20:31:50',NULL,NULL,NULL),(114,NULL,60,37,NULL,6,'2020-01-19 03:12:42','2020-01-19 04:12:42',NULL,NULL,NULL),(115,NULL,166,41,NULL,6,'2020-01-20 15:14:26','2020-01-20 16:14:26',NULL,NULL,NULL),(116,NULL,144,3,NULL,14,'2020-04-06 16:34:00','2020-04-06 18:34:00',NULL,NULL,NULL),(117,NULL,60,26,NULL,6,'2020-01-26 22:50:18','2020-01-26 23:50:18',NULL,NULL,NULL),(118,NULL,127,5,NULL,14,'2020-01-22 21:45:08','2020-01-22 22:45:08',NULL,NULL,NULL),(119,NULL,61,27,NULL,3,'2020-02-27 19:55:04','2020-02-27 20:55:04',NULL,NULL,NULL),(120,NULL,105,29,NULL,15,'2020-03-12 10:45:57','2020-03-12 11:45:57',NULL,NULL,NULL),(121,NULL,104,14,NULL,15,'2020-05-20 00:46:57','2020-05-20 02:46:57',NULL,NULL,NULL),(122,NULL,128,14,NULL,10,'2020-04-12 19:53:31','2020-04-12 21:53:31',NULL,NULL,NULL),(123,NULL,32,40,NULL,14,'2020-01-20 11:04:29','2020-01-20 12:04:29',NULL,NULL,NULL),(124,NULL,127,34,NULL,17,'2020-01-06 02:59:21','2020-01-06 03:59:21',NULL,NULL,NULL),(125,NULL,97,27,NULL,9,'2020-02-06 11:24:57','2020-02-06 12:24:57',NULL,NULL,NULL),(126,NULL,89,13,NULL,2,'2020-03-23 14:02:45','2020-03-23 15:02:45',NULL,NULL,NULL),(127,NULL,17,42,NULL,3,'2020-01-28 15:42:20','2020-01-28 16:42:20',NULL,NULL,NULL),(128,NULL,118,56,NULL,8,'2020-01-21 15:26:44','2020-01-21 16:26:44',NULL,NULL,NULL),(129,NULL,126,50,NULL,7,'2020-03-29 10:56:09','2020-03-29 12:56:09',NULL,NULL,NULL),(130,NULL,57,59,NULL,8,'2020-01-16 11:32:52','2020-01-16 12:32:52',NULL,NULL,NULL),(131,NULL,115,5,NULL,4,'2020-01-20 15:30:33','2020-01-20 16:30:33',NULL,NULL,NULL),(132,NULL,36,12,NULL,4,'2020-01-21 14:23:42','2020-01-21 15:23:42',NULL,NULL,NULL),(133,NULL,65,40,NULL,17,'2020-04-14 09:19:52','2020-04-14 11:19:52',NULL,NULL,NULL),(134,NULL,91,54,NULL,14,'2020-05-11 19:57:10','2020-05-11 21:57:10',NULL,NULL,NULL),(135,NULL,10,71,NULL,9,'2020-01-13 19:07:26','2020-01-13 20:07:26',NULL,NULL,NULL),(136,NULL,136,15,NULL,16,'2020-01-14 15:13:15','2020-01-14 16:13:15',NULL,NULL,NULL),(137,NULL,134,75,NULL,1,'2020-05-14 16:38:54','2020-05-14 18:38:54',NULL,NULL,NULL),(138,NULL,56,14,NULL,16,'2020-01-09 23:54:47','2020-01-10 00:54:47',NULL,NULL,NULL),(139,NULL,55,70,NULL,8,'2020-04-19 10:36:18','2020-04-19 12:36:18',NULL,NULL,NULL),(140,NULL,9,3,NULL,14,'2020-05-02 10:58:56','2020-05-02 12:58:56',NULL,NULL,NULL),(141,NULL,126,19,NULL,7,'2020-03-28 18:35:38','2020-03-28 19:35:38',NULL,NULL,NULL),(142,NULL,97,51,NULL,9,'2020-05-03 09:49:36','2020-05-03 11:49:36',NULL,NULL,NULL),(143,NULL,4,57,NULL,18,'2020-03-20 03:45:05','2020-03-20 04:45:05',NULL,NULL,NULL),(144,NULL,155,9,NULL,12,'2020-03-28 17:36:15','2020-03-28 18:36:15',NULL,NULL,NULL),(145,NULL,56,67,NULL,2,'2020-01-10 09:50:39','2020-01-10 10:50:39',NULL,NULL,NULL),(146,NULL,34,40,NULL,12,'2020-04-03 14:27:22','2020-04-03 16:27:22',NULL,NULL,NULL),(147,NULL,59,22,NULL,18,'2020-01-17 01:08:30','2020-01-17 02:08:30',NULL,NULL,NULL),(148,NULL,13,71,NULL,18,'2020-03-08 16:22:58','2020-03-08 17:22:58',NULL,NULL,NULL),(149,NULL,87,57,NULL,13,'2020-04-10 11:33:16','2020-04-10 13:33:16',NULL,NULL,NULL),(150,NULL,87,75,NULL,13,'2020-02-24 18:30:23','2020-02-24 19:30:23',NULL,NULL,NULL),(151,NULL,52,77,NULL,16,'2020-05-28 09:12:26','2020-05-28 11:12:26',NULL,NULL,NULL),(152,NULL,165,38,NULL,11,'2020-01-03 10:33:07','2020-01-03 11:33:07',NULL,NULL,NULL),(153,NULL,150,30,NULL,20,'2020-04-18 20:45:00','2020-04-18 22:45:00',NULL,NULL,NULL),(154,NULL,57,75,NULL,7,'2020-03-14 02:21:06','2020-03-14 03:21:06',NULL,NULL,NULL),(155,NULL,49,37,NULL,4,'2020-02-20 14:28:18','2020-02-20 15:28:18',NULL,NULL,NULL),(156,NULL,152,75,NULL,15,'2020-01-26 04:43:00','2020-01-26 05:43:00',NULL,NULL,NULL),(157,NULL,11,58,NULL,13,'2020-01-20 22:49:42','2020-01-20 23:49:42',NULL,NULL,NULL),(158,NULL,100,26,NULL,20,'2020-03-19 00:12:22','2020-03-19 01:12:22',NULL,NULL,NULL),(159,NULL,147,17,NULL,8,'2020-05-17 03:39:14','2020-05-17 05:39:14',NULL,NULL,NULL),(160,NULL,147,6,NULL,7,'2020-04-17 01:15:02','2020-04-17 03:15:02',NULL,NULL,NULL),(161,NULL,135,54,NULL,14,'2020-04-19 12:46:02','2020-04-19 14:46:02',NULL,NULL,NULL),(162,NULL,120,42,NULL,20,'2020-05-25 04:11:52','2020-05-25 06:11:52',NULL,NULL,NULL),(163,NULL,124,47,NULL,20,'2020-04-03 18:26:22','2020-04-03 20:26:22',NULL,NULL,NULL),(164,NULL,137,41,NULL,15,'2020-02-10 18:41:33','2020-02-10 19:41:33',NULL,NULL,NULL),(165,NULL,58,55,NULL,16,'2020-05-16 02:31:16','2020-05-16 04:31:16',NULL,NULL,NULL),(166,NULL,5,65,NULL,16,'2020-04-07 23:57:50','2020-04-08 01:57:50',NULL,NULL,NULL),(167,NULL,5,58,NULL,16,'2020-05-14 03:03:46','2020-05-14 05:03:46',NULL,NULL,NULL),(168,NULL,164,46,NULL,20,'2020-03-09 00:47:00','2020-03-09 01:47:00',NULL,NULL,NULL),(169,NULL,158,52,NULL,20,'2020-02-11 12:08:41','2020-02-11 13:08:41',NULL,NULL,NULL),(170,NULL,105,35,NULL,3,'2020-02-21 08:36:33','2020-02-21 09:36:33',NULL,NULL,NULL),(171,NULL,31,59,NULL,20,'2020-04-03 05:54:50','2020-04-03 07:54:50',NULL,NULL,NULL),(172,NULL,155,70,NULL,12,'2020-04-02 01:33:36','2020-04-02 03:33:36',NULL,NULL,NULL),(173,NULL,134,76,NULL,1,'2019-12-31 23:50:22','2020-01-01 00:50:22',NULL,NULL,NULL),(174,NULL,140,55,NULL,15,'2020-04-19 16:20:27','2020-04-19 18:20:27',NULL,NULL,NULL),(175,NULL,41,76,NULL,14,'2020-05-22 12:45:22','2020-05-22 14:45:22',NULL,NULL,NULL),(176,NULL,68,13,NULL,8,'2020-03-13 22:34:45','2020-03-13 23:34:45',NULL,NULL,NULL),(177,NULL,120,50,NULL,20,'2020-02-26 00:10:33','2020-02-26 01:10:33',NULL,NULL,NULL),(178,NULL,52,17,NULL,12,'2020-04-15 23:01:27','2020-04-16 01:01:27',NULL,NULL,NULL),(179,NULL,139,72,NULL,9,'2020-02-11 02:30:30','2020-02-11 03:30:30',NULL,NULL,NULL),(180,NULL,32,41,NULL,14,'2020-01-30 23:26:49','2020-01-31 00:26:49',NULL,NULL,NULL),(181,NULL,26,50,NULL,8,'2020-01-30 22:22:48','2020-01-30 23:22:48',NULL,NULL,NULL),(182,NULL,46,28,NULL,15,'2020-01-02 23:17:15','2020-01-03 00:17:15',NULL,NULL,NULL),(183,NULL,43,57,NULL,7,'2020-05-14 19:34:42','2020-05-14 21:34:42',NULL,NULL,NULL),(184,NULL,7,17,NULL,6,'2020-05-30 04:53:09','2020-05-30 06:53:09',NULL,NULL,NULL),(185,NULL,80,1,NULL,7,'2020-02-10 18:02:51','2020-02-10 19:02:51',NULL,NULL,NULL),(186,NULL,53,16,NULL,10,'2020-01-09 17:50:45','2020-01-09 18:50:45',NULL,NULL,NULL),(187,NULL,131,38,NULL,16,'2020-05-19 17:30:01','2020-05-19 19:30:01',NULL,NULL,NULL),(188,NULL,2,19,NULL,13,'2020-05-08 13:59:48','2020-05-08 15:59:48',NULL,NULL,NULL),(189,NULL,105,32,NULL,3,'2020-04-15 11:32:52','2020-04-15 13:32:52',NULL,NULL,NULL),(190,NULL,4,33,NULL,4,'2020-03-20 20:29:06','2020-03-20 21:29:06',NULL,NULL,NULL),(191,NULL,21,36,NULL,8,'2020-01-21 22:16:58','2020-01-21 23:16:58',NULL,NULL,NULL),(192,NULL,81,4,NULL,8,'2020-03-15 03:55:24','2020-03-15 04:55:24',NULL,NULL,NULL),(193,NULL,105,33,NULL,3,'2020-03-27 09:49:26','2020-03-27 10:49:26',NULL,NULL,NULL),(194,NULL,23,59,NULL,7,'2020-01-23 18:28:59','2020-01-23 19:28:59',NULL,NULL,NULL),(195,NULL,58,71,NULL,12,'2020-01-13 18:55:42','2020-01-13 19:55:42',NULL,NULL,NULL),(196,NULL,92,39,NULL,9,'2020-04-08 06:27:47','2020-04-08 08:27:47',NULL,NULL,NULL),(197,NULL,5,19,NULL,12,'2020-05-06 01:17:55','2020-05-06 03:17:55',NULL,NULL,NULL),(198,NULL,95,52,NULL,2,'2020-03-09 23:21:25','2020-03-10 00:21:25',NULL,NULL,NULL),(199,NULL,39,56,NULL,20,'2020-01-24 14:19:18','2020-01-24 15:19:18',NULL,NULL,NULL),(200,NULL,88,37,NULL,14,'2020-02-23 08:10:46','2020-02-23 09:10:46',NULL,NULL,NULL),(201,NULL,149,63,NULL,14,'2020-05-21 21:55:15','2020-05-21 23:55:15',NULL,NULL,NULL),(202,NULL,53,52,NULL,15,'2020-03-03 02:33:17','2020-03-03 03:33:17',NULL,NULL,NULL),(203,NULL,167,43,NULL,6,'2020-04-20 15:23:44','2020-04-20 17:23:44',NULL,NULL,NULL),(204,NULL,70,19,NULL,20,'2020-01-06 21:12:54','2020-01-06 22:12:54',NULL,NULL,NULL),(205,NULL,47,25,NULL,20,'2020-01-09 12:41:02','2020-01-09 13:41:02',NULL,NULL,NULL),(206,NULL,153,14,NULL,1,'2020-04-02 07:32:26','2020-04-02 09:32:26',NULL,NULL,NULL),(207,NULL,17,52,NULL,19,'2020-01-11 22:51:37','2020-01-11 23:51:37',NULL,NULL,NULL),(208,NULL,107,35,NULL,2,'2020-01-27 00:16:34','2020-01-27 01:16:34',NULL,NULL,NULL),(209,NULL,103,19,NULL,20,'2020-01-09 11:40:26','2020-01-09 12:40:26',NULL,NULL,NULL),(210,NULL,80,43,NULL,7,'2020-01-24 23:49:44','2020-01-25 00:49:44',NULL,NULL,NULL),(211,NULL,69,50,NULL,4,'2020-03-19 20:07:49','2020-03-19 21:07:49',NULL,NULL,NULL),(212,NULL,115,70,NULL,18,'2020-05-17 01:26:51','2020-05-17 03:26:51',NULL,NULL,NULL),(213,NULL,24,79,NULL,5,'2020-05-05 17:23:56','2020-05-05 19:23:56',NULL,NULL,NULL),(214,NULL,94,31,NULL,7,'2020-01-30 00:56:12','2020-01-30 01:56:12',NULL,NULL,NULL),(215,NULL,22,36,NULL,1,'2020-01-05 17:52:40','2020-01-05 18:52:40',NULL,NULL,NULL),(216,NULL,98,54,NULL,17,'2020-05-03 19:21:36','2020-05-03 21:21:36',NULL,NULL,NULL),(217,NULL,97,35,NULL,7,'2020-04-19 06:47:55','2020-04-19 08:47:55',NULL,NULL,NULL),(218,NULL,107,72,NULL,16,'2020-05-04 12:43:40','2020-05-04 14:43:40',NULL,NULL,NULL),(219,NULL,31,45,NULL,20,'2020-02-19 17:53:32','2020-02-19 18:53:32',NULL,NULL,NULL),(220,NULL,61,67,NULL,3,'2020-04-28 16:58:45','2020-04-28 18:58:45',NULL,NULL,NULL),(221,NULL,12,78,NULL,2,'2020-04-02 04:14:52','2020-04-02 06:14:52',NULL,NULL,NULL),(222,NULL,134,32,NULL,5,'2020-01-12 19:31:49','2020-01-12 20:31:49',NULL,NULL,NULL),(223,NULL,89,6,NULL,16,'2020-05-20 12:23:14','2020-05-20 14:23:14',NULL,NULL,NULL),(224,NULL,93,28,NULL,13,'2020-03-10 18:44:58','2020-03-10 19:44:58',NULL,NULL,NULL),(225,NULL,25,62,NULL,4,'2020-02-14 15:12:07','2020-02-14 16:12:07',NULL,NULL,NULL),(226,NULL,107,29,NULL,16,'2020-05-29 02:35:14','2020-05-29 04:35:14',NULL,NULL,NULL),(227,NULL,95,66,NULL,2,'2020-01-16 20:04:21','2020-01-16 21:04:21',NULL,NULL,NULL),(228,NULL,164,45,NULL,20,'2020-02-02 17:28:40','2020-02-02 18:28:40',NULL,NULL,NULL),(229,NULL,82,2,NULL,6,'2020-01-11 04:55:52','2020-01-11 05:55:52',NULL,NULL,NULL),(230,NULL,5,1,NULL,12,'2020-03-15 04:55:53','2020-03-15 05:55:53',NULL,NULL,NULL),(231,NULL,83,3,NULL,4,'2020-05-01 09:38:18','2020-05-01 11:38:18',NULL,NULL,NULL),(232,NULL,109,62,NULL,14,'2020-05-25 08:01:14','2020-05-25 10:01:14',NULL,NULL,NULL),(233,NULL,128,36,NULL,3,'2020-01-03 00:48:05','2020-01-03 01:48:05',NULL,NULL,NULL),(234,NULL,16,21,NULL,19,'2020-01-21 08:46:34','2020-01-21 09:46:34',NULL,NULL,NULL),(235,NULL,38,62,NULL,10,'2020-02-20 03:14:53','2020-02-20 04:14:53',NULL,NULL,NULL),(236,NULL,63,18,NULL,12,'2020-05-02 07:07:28','2020-05-02 09:07:28',NULL,NULL,NULL),(237,NULL,103,57,NULL,20,'2020-01-06 14:13:29','2020-01-06 15:13:29',NULL,NULL,NULL),(238,NULL,78,64,NULL,20,'2020-05-15 01:14:16','2020-05-15 03:14:16',NULL,NULL,NULL),(239,NULL,27,54,NULL,13,'2020-01-21 21:29:38','2020-01-21 22:29:38',NULL,NULL,NULL),(240,NULL,106,49,NULL,7,'2020-05-06 14:36:47','2020-05-06 16:36:47',NULL,NULL,NULL),(241,NULL,22,9,NULL,1,'2020-05-20 23:07:48','2020-05-21 01:07:48',NULL,NULL,NULL),(242,NULL,116,55,NULL,19,'2020-01-26 20:48:42','2020-01-26 21:48:42',NULL,NULL,NULL),(243,NULL,29,32,NULL,4,'2020-02-09 00:17:40','2020-02-09 01:17:40',NULL,NULL,NULL),(244,NULL,152,29,NULL,10,'2020-01-10 22:06:22','2020-01-10 23:06:22',NULL,NULL,NULL),(245,NULL,11,71,NULL,13,'2020-05-05 13:47:25','2020-05-05 15:47:25',NULL,NULL,NULL),(246,NULL,82,3,NULL,6,'2020-03-17 03:29:29','2020-03-17 04:29:29',NULL,NULL,NULL),(247,NULL,142,2,NULL,1,'2020-02-24 06:24:58','2020-02-24 07:24:58',NULL,NULL,NULL),(248,NULL,22,68,NULL,6,'2020-05-15 15:25:32','2020-05-15 17:25:32',NULL,NULL,NULL),(249,NULL,67,24,NULL,17,'2020-05-14 03:14:32','2020-05-14 05:14:32',NULL,NULL,NULL),(250,NULL,130,2,NULL,8,'2020-05-15 09:44:29','2020-05-15 11:44:29',NULL,NULL,NULL),(251,NULL,56,34,NULL,2,'2020-02-13 16:58:15','2020-02-13 17:58:15',NULL,NULL,NULL),(252,NULL,139,64,NULL,9,'2020-04-26 08:09:18','2020-04-26 10:09:18',NULL,NULL,NULL),(253,NULL,107,55,NULL,12,'2020-05-11 14:26:44','2020-05-11 16:26:44',NULL,NULL,NULL),(254,NULL,111,32,NULL,19,'2020-05-18 12:32:08','2020-05-18 14:32:08',NULL,NULL,NULL),(255,NULL,147,5,NULL,7,'2020-01-25 16:37:43','2020-01-25 17:37:43',NULL,NULL,NULL),(256,NULL,52,28,NULL,12,'2020-05-13 14:48:39','2020-05-13 16:48:39',NULL,NULL,NULL),(257,NULL,54,29,NULL,1,'2020-04-13 17:23:21','2020-04-13 19:23:21',NULL,NULL,NULL),(258,NULL,108,4,NULL,3,'2020-01-26 16:08:04','2020-01-26 17:08:04',NULL,NULL,NULL),(259,NULL,52,39,NULL,2,'2020-04-01 12:34:24','2020-04-01 14:34:24',NULL,NULL,NULL),(260,NULL,137,70,NULL,15,'2020-05-20 07:08:11','2020-05-20 09:08:11',NULL,NULL,NULL),(261,NULL,11,16,NULL,13,'2020-05-30 17:24:30','2020-05-30 19:24:30',NULL,NULL,NULL),(262,NULL,72,42,NULL,2,'2020-04-05 13:50:16','2020-04-05 15:50:16',NULL,NULL,NULL),(263,NULL,120,62,NULL,20,'2020-01-04 17:37:13','2020-01-04 18:37:13',NULL,NULL,NULL),(264,NULL,147,6,NULL,9,'2020-01-13 16:24:31','2020-01-13 17:24:31',NULL,NULL,NULL),(265,NULL,93,7,NULL,18,'2020-05-05 11:23:02','2020-05-05 13:23:02',NULL,NULL,NULL),(266,NULL,123,6,NULL,14,'2020-04-03 19:07:47','2020-04-03 21:07:47',NULL,NULL,NULL),(267,NULL,56,21,NULL,16,'2020-05-27 21:27:37','2020-05-27 23:27:37',NULL,NULL,NULL),(268,NULL,44,24,NULL,7,'2020-05-29 13:45:38','2020-05-29 15:45:38',NULL,NULL,NULL),(269,NULL,2,33,NULL,18,'2020-03-28 17:34:18','2020-03-28 18:34:18',NULL,NULL,NULL),(270,NULL,98,60,NULL,17,'2020-01-07 02:02:52','2020-01-07 03:02:52',NULL,NULL,NULL),(271,NULL,159,59,NULL,7,'2020-03-01 09:22:27','2020-03-01 10:22:27',NULL,NULL,NULL),(272,NULL,148,56,NULL,19,'2020-03-18 07:11:12','2020-03-18 08:11:12',NULL,NULL,NULL),(273,NULL,47,46,NULL,20,'2020-04-05 15:24:39','2020-04-05 17:24:39',NULL,NULL,NULL),(274,NULL,41,47,NULL,17,'2020-02-16 12:08:18','2020-02-16 13:08:18',NULL,NULL,NULL),(275,NULL,32,62,NULL,14,'2020-03-03 07:28:39','2020-03-03 08:28:39',NULL,NULL,NULL),(276,NULL,161,61,NULL,16,'2020-01-18 01:35:09','2020-01-18 02:35:09',NULL,NULL,NULL),(277,NULL,7,41,NULL,5,'2020-01-30 09:57:52','2020-01-30 10:57:52',NULL,NULL,NULL),(278,NULL,116,39,NULL,3,'2020-05-31 18:40:37','2020-05-31 20:40:37',NULL,NULL,NULL),(279,NULL,80,42,NULL,7,'2020-01-12 21:15:51','2020-01-12 22:15:51',NULL,NULL,NULL),(280,NULL,128,1,NULL,3,'2020-02-12 18:09:22','2020-02-12 19:09:22',NULL,NULL,NULL),(281,NULL,4,56,NULL,13,'2020-02-01 14:10:43','2020-02-01 15:10:43',NULL,NULL,NULL),(282,NULL,81,48,NULL,9,'2020-04-29 11:17:06','2020-04-29 13:17:06',NULL,NULL,NULL),(283,NULL,133,42,NULL,5,'2020-02-11 23:03:30','2020-02-12 00:03:30',NULL,NULL,NULL),(284,NULL,78,46,NULL,20,'2020-04-09 10:14:38','2020-04-09 12:14:38',NULL,NULL,NULL),(285,NULL,149,50,NULL,14,'2020-03-24 13:43:08','2020-03-24 14:43:08',NULL,NULL,NULL),(286,NULL,76,23,NULL,12,'2020-03-10 01:10:15','2020-03-10 02:10:15',NULL,NULL,NULL),(287,NULL,134,39,NULL,1,'2020-05-15 14:50:34','2020-05-15 16:50:34',NULL,NULL,NULL),(288,NULL,28,67,NULL,18,'2020-01-22 23:35:45','2020-01-23 00:35:45',NULL,NULL,NULL),(289,NULL,32,26,NULL,11,'2020-05-27 13:49:52','2020-05-27 15:49:52',NULL,NULL,NULL),(290,NULL,91,5,NULL,17,'2020-05-14 23:24:11','2020-05-15 01:24:11',NULL,NULL,NULL),(291,NULL,106,58,NULL,7,'2020-03-25 10:19:15','2020-03-25 11:19:15',NULL,NULL,NULL),(292,NULL,23,69,NULL,7,'2020-02-16 12:23:27','2020-02-16 13:23:27',NULL,NULL,NULL),(293,NULL,31,38,NULL,20,'2020-04-22 16:16:03','2020-04-22 18:16:03',NULL,NULL,NULL),(294,NULL,167,51,NULL,1,'2020-04-03 19:43:54','2020-04-03 21:43:54',NULL,NULL,NULL),(295,NULL,3,28,NULL,19,'2020-02-27 20:50:04','2020-02-27 21:50:04',NULL,NULL,NULL),(296,NULL,21,63,NULL,7,'2020-04-01 18:59:12','2020-04-01 20:59:12',NULL,NULL,NULL),(297,NULL,81,27,NULL,7,'2020-01-17 07:26:20','2020-01-17 08:26:20',NULL,NULL,NULL),(298,NULL,100,42,NULL,20,'2020-04-14 14:24:29','2020-04-14 16:24:29',NULL,NULL,NULL),(299,NULL,100,1,NULL,20,'2020-01-05 13:49:13','2020-01-05 14:49:13',NULL,NULL,NULL),(300,NULL,10,4,NULL,9,'2020-01-10 23:44:10','2020-01-11 00:44:10',NULL,NULL,NULL),(301,NULL,38,5,NULL,19,'2020-03-04 09:10:16','2020-03-04 10:10:16',NULL,NULL,NULL),(302,NULL,76,56,NULL,16,'2020-03-25 00:11:44','2020-03-25 01:11:44',NULL,NULL,NULL),(303,NULL,167,60,NULL,6,'2020-05-01 08:02:26','2020-05-01 10:02:26',NULL,NULL,NULL),(304,NULL,5,43,NULL,12,'2020-03-15 15:47:33','2020-03-15 16:47:33',NULL,NULL,NULL),(305,NULL,23,47,NULL,7,'2020-01-11 07:12:49','2020-01-11 08:12:49',NULL,NULL,NULL),(306,NULL,7,77,NULL,1,'2020-02-05 00:16:29','2020-02-05 01:16:29',NULL,NULL,NULL),(307,NULL,135,74,NULL,17,'2020-01-10 16:01:08','2020-01-10 17:01:08',NULL,NULL,NULL),(308,NULL,77,11,NULL,12,'2020-01-29 13:55:10','2020-01-29 14:55:10',NULL,NULL,NULL),(309,NULL,98,42,NULL,11,'2020-04-18 06:28:19','2020-04-18 08:28:19',NULL,NULL,NULL),(310,NULL,78,79,NULL,20,'2020-01-24 10:56:25','2020-01-24 11:56:25',NULL,NULL,NULL),(311,NULL,28,6,NULL,4,'2020-03-24 17:18:56','2020-03-24 18:18:56',NULL,NULL,NULL),(312,NULL,167,24,NULL,6,'2020-04-02 09:30:26','2020-04-02 11:30:26',NULL,NULL,NULL),(313,NULL,124,73,NULL,20,'2020-05-23 04:59:19','2020-05-23 06:59:19',NULL,NULL,NULL),(314,NULL,15,31,NULL,8,'2020-04-22 03:46:33','2020-04-22 05:46:33',NULL,NULL,NULL),(315,NULL,85,24,NULL,20,'2020-04-19 05:15:52','2020-04-19 07:15:52',NULL,NULL,NULL),(316,NULL,95,38,NULL,16,'2020-03-02 05:01:28','2020-03-02 06:01:28',NULL,NULL,NULL),(317,NULL,133,48,NULL,1,'2020-05-09 01:58:17','2020-05-09 03:58:17',NULL,NULL,NULL),(318,NULL,100,48,NULL,20,'2020-02-16 21:44:26','2020-02-16 22:44:26',NULL,NULL,NULL),(319,NULL,77,68,NULL,16,'2020-05-10 02:18:50','2020-05-10 04:18:50',NULL,NULL,NULL),(320,NULL,137,57,NULL,10,'2020-04-06 16:02:49','2020-04-06 18:02:49',NULL,NULL,NULL),(321,NULL,85,78,NULL,20,'2020-03-23 12:37:31','2020-03-23 13:37:31',NULL,NULL,NULL),(322,NULL,63,1,NULL,2,'2020-01-01 05:00:55','2020-01-01 06:00:55',NULL,NULL,NULL),(323,NULL,3,17,NULL,10,'2020-01-10 04:01:57','2020-01-10 05:01:57',NULL,NULL,NULL),(324,NULL,163,26,NULL,12,'2020-02-24 21:12:30','2020-02-24 22:12:30',NULL,NULL,NULL),(325,NULL,84,23,NULL,16,'2020-01-01 12:08:42','2020-01-01 13:08:42',NULL,NULL,NULL),(326,NULL,127,24,NULL,14,'2020-03-10 02:58:34','2020-03-10 03:58:34',NULL,NULL,NULL),(327,NULL,82,43,NULL,5,'2020-05-13 13:30:29','2020-05-13 15:30:29',NULL,NULL,NULL),(328,NULL,26,65,NULL,8,'2020-01-26 19:06:48','2020-01-26 20:06:48',NULL,NULL,NULL),(329,NULL,133,55,NULL,6,'2020-03-02 17:52:09','2020-03-02 18:52:09',NULL,NULL,NULL),(330,NULL,67,19,NULL,14,'2020-01-10 07:19:56','2020-01-10 08:19:56',NULL,NULL,NULL),(331,NULL,127,6,NULL,14,'2020-03-30 07:44:34','2020-03-30 09:44:34',NULL,NULL,NULL),(332,NULL,57,52,NULL,8,'2020-02-24 19:17:19','2020-02-24 20:17:19',NULL,NULL,NULL),(333,NULL,167,58,NULL,6,'2020-01-05 14:02:03','2020-01-05 15:02:03',NULL,NULL,NULL),(334,NULL,126,57,NULL,9,'2020-02-11 00:49:11','2020-02-11 01:49:11',NULL,NULL,NULL),(335,NULL,76,75,NULL,12,'2020-05-14 01:42:18','2020-05-14 03:42:18',NULL,NULL,NULL),(336,NULL,158,1,NULL,20,'2020-05-11 14:06:52','2020-05-11 16:06:52',NULL,NULL,NULL),(337,NULL,71,76,NULL,20,'2020-01-18 10:08:32','2020-01-18 11:08:32',NULL,NULL,NULL),(338,NULL,100,43,NULL,20,'2020-01-08 00:20:19','2020-01-08 01:20:19',NULL,NULL,NULL),(339,NULL,134,13,NULL,5,'2020-02-05 01:18:20','2020-02-05 02:18:20',NULL,NULL,NULL),(340,NULL,132,79,NULL,8,'2020-01-30 14:32:25','2020-01-30 15:32:25',NULL,NULL,NULL),(341,NULL,77,50,NULL,12,'2020-02-10 01:19:01','2020-02-10 02:19:01',NULL,NULL,NULL),(342,NULL,121,46,NULL,2,'2020-03-13 07:30:13','2020-03-13 08:30:13',NULL,NULL,NULL),(343,NULL,91,53,NULL,14,'2020-02-10 15:23:27','2020-02-10 16:23:27',NULL,NULL,NULL),(344,NULL,130,66,NULL,7,'2020-03-11 21:40:36','2020-03-11 22:40:36',NULL,NULL,NULL),(345,NULL,78,10,NULL,20,'2020-05-04 16:12:18','2020-05-04 18:12:18',NULL,NULL,NULL),(346,NULL,53,4,NULL,10,'2020-01-14 22:32:18','2020-01-14 23:32:18',NULL,NULL,NULL),(347,NULL,38,8,NULL,15,'2020-04-21 11:36:57','2020-04-21 13:36:57',NULL,NULL,NULL),(348,NULL,6,73,NULL,6,'2020-04-05 21:02:05','2020-04-05 23:02:05',NULL,NULL,NULL),(349,NULL,37,79,NULL,20,'2020-03-04 00:18:02','2020-03-04 01:18:02',NULL,NULL,NULL),(350,NULL,165,64,NULL,17,'2020-02-24 04:10:51','2020-02-24 05:10:51',NULL,NULL,NULL),(351,NULL,157,15,NULL,3,'2020-04-22 08:55:11','2020-04-22 10:55:11',NULL,NULL,NULL),(352,NULL,15,77,NULL,7,'2020-02-05 23:46:35','2020-02-06 00:46:35',NULL,NULL,NULL),(353,NULL,114,65,NULL,8,'2020-02-06 15:22:02','2020-02-06 16:22:02',NULL,NULL,NULL),(354,NULL,97,31,NULL,8,'2020-04-10 10:30:43','2020-04-10 12:30:43',NULL,NULL,NULL),(355,NULL,162,28,NULL,20,'2020-04-30 03:50:18','2020-04-30 05:50:18',NULL,NULL,NULL),(356,NULL,31,14,NULL,20,'2020-03-12 15:48:06','2020-03-12 16:48:06',NULL,NULL,NULL),(357,NULL,75,39,NULL,18,'2020-02-23 02:24:05','2020-02-23 03:24:05',NULL,NULL,NULL),(358,NULL,37,72,NULL,20,'2020-05-03 02:32:01','2020-05-03 04:32:01',NULL,NULL,NULL),(359,NULL,42,38,NULL,19,'2020-05-19 09:04:50','2020-05-19 11:04:50',NULL,NULL,NULL),(360,NULL,131,16,NULL,2,'2020-03-20 15:14:27','2020-03-20 16:14:27',NULL,NULL,NULL),(361,NULL,138,67,NULL,12,'2020-01-05 08:27:49','2020-01-05 09:27:49',NULL,NULL,NULL),(362,NULL,54,13,NULL,1,'2020-03-05 13:08:14','2020-03-05 14:08:14',NULL,NULL,NULL),(363,NULL,165,26,NULL,14,'2020-03-23 08:01:00','2020-03-23 09:01:00',NULL,NULL,NULL),(364,NULL,88,79,NULL,14,'2020-05-05 09:16:04','2020-05-05 11:16:04',NULL,NULL,NULL),(365,NULL,9,16,NULL,17,'2020-01-07 12:48:52','2020-01-07 13:48:52',NULL,NULL,NULL),(366,NULL,102,78,NULL,19,'2020-02-06 19:50:31','2020-02-06 20:50:31',NULL,NULL,NULL),(367,NULL,114,63,NULL,9,'2020-04-03 23:39:43','2020-04-04 01:39:43',NULL,NULL,NULL),(368,NULL,66,51,NULL,16,'2020-01-04 13:18:20','2020-01-04 14:18:20',NULL,NULL,NULL),(369,NULL,52,2,NULL,12,'2020-03-27 20:45:44','2020-03-27 21:45:44',NULL,NULL,NULL),(370,NULL,76,56,NULL,12,'2020-02-04 11:24:23','2020-02-04 12:24:23',NULL,NULL,NULL),(371,NULL,157,29,NULL,15,'2020-04-11 20:00:29','2020-04-11 22:00:29',NULL,NULL,NULL),(372,NULL,87,34,NULL,4,'2020-02-11 07:03:35','2020-02-11 08:03:35',NULL,NULL,NULL),(373,NULL,17,53,NULL,15,'2020-03-31 22:44:56','2020-04-01 00:44:56',NULL,NULL,NULL),(374,NULL,54,71,NULL,5,'2020-02-20 14:20:45','2020-02-20 15:20:45',NULL,NULL,NULL),(375,NULL,18,13,NULL,9,'2020-03-03 17:33:11','2020-03-03 18:33:11',NULL,NULL,NULL),(376,NULL,147,10,NULL,9,'2020-04-06 13:12:20','2020-04-06 15:12:20',NULL,NULL,NULL),(377,NULL,47,24,NULL,20,'2020-04-17 17:37:10','2020-04-17 19:37:10',NULL,NULL,NULL),(378,NULL,4,39,NULL,13,'2020-04-20 23:30:07','2020-04-21 01:30:07',NULL,NULL,NULL),(379,NULL,51,10,NULL,4,'2020-02-20 11:23:40','2020-02-20 12:23:40',NULL,NULL,NULL),(380,NULL,51,60,NULL,13,'2020-02-15 02:49:46','2020-02-15 03:49:46',NULL,NULL,NULL),(381,NULL,117,47,NULL,17,'2020-02-18 10:04:25','2020-02-18 11:04:25',NULL,NULL,NULL),(382,NULL,159,14,NULL,7,'2020-02-20 10:02:16','2020-02-20 11:02:16',NULL,NULL,NULL),(383,NULL,126,74,NULL,9,'2020-02-26 04:11:51','2020-02-26 05:11:51',NULL,NULL,NULL),(384,NULL,13,56,NULL,18,'2020-01-16 22:52:54','2020-01-16 23:52:54',NULL,NULL,NULL),(385,NULL,154,34,NULL,5,'2020-01-05 09:34:41','2020-01-05 10:34:41',NULL,NULL,NULL),(386,NULL,64,32,NULL,14,'2020-03-19 04:05:19','2020-03-19 05:05:19',NULL,NULL,NULL),(387,NULL,83,50,NULL,4,'2020-05-09 16:23:46','2020-05-09 18:23:46',NULL,NULL,NULL),(388,NULL,147,10,NULL,9,'2020-03-11 13:40:26','2020-03-11 14:40:26',NULL,NULL,NULL),(389,NULL,39,13,NULL,20,'2020-03-23 04:37:48','2020-03-23 05:37:48',NULL,NULL,NULL),(390,NULL,133,40,NULL,6,'2020-03-26 18:56:30','2020-03-26 19:56:30',NULL,NULL,NULL),(391,NULL,100,69,NULL,20,'2020-02-06 05:36:47','2020-02-06 06:36:47',NULL,NULL,NULL),(392,NULL,140,18,NULL,10,'2020-05-12 19:54:03','2020-05-12 21:54:03',NULL,NULL,NULL),(393,NULL,166,57,NULL,5,'2020-03-28 15:58:47','2020-03-28 16:58:47',NULL,NULL,NULL),(394,NULL,70,68,NULL,20,'2020-01-21 16:27:56','2020-01-21 17:27:56',NULL,NULL,NULL),(395,NULL,32,19,NULL,11,'2020-05-17 00:06:04','2020-05-17 02:06:04',NULL,NULL,NULL),(396,NULL,94,38,NULL,7,'2020-03-24 18:51:41','2020-03-24 19:51:41',NULL,NULL,NULL),(397,NULL,41,18,NULL,11,'2020-03-04 19:50:47','2020-03-04 20:50:47',NULL,NULL,NULL),(398,NULL,44,6,NULL,8,'2020-05-20 13:09:32','2020-05-20 15:09:32',NULL,NULL,NULL),(399,NULL,41,75,NULL,14,'2020-03-02 17:07:46','2020-03-02 18:07:46',NULL,NULL,NULL),(400,NULL,8,61,NULL,20,'2020-02-08 19:49:23','2020-02-08 20:49:23',NULL,NULL,NULL),(401,NULL,24,53,NULL,6,'2020-04-06 02:43:20','2020-04-06 04:43:20',NULL,NULL,NULL),(402,NULL,122,69,NULL,19,'2020-04-02 16:51:00','2020-04-02 18:51:00',NULL,NULL,NULL),(403,NULL,65,59,NULL,17,'2020-01-22 00:22:17','2020-01-22 01:22:17',NULL,NULL,NULL),(404,NULL,85,56,NULL,20,'2020-02-22 01:31:10','2020-02-22 02:31:10',NULL,NULL,NULL),(405,NULL,40,28,NULL,20,'2020-04-30 16:16:28','2020-04-30 18:16:28',NULL,NULL,NULL),(406,NULL,134,11,NULL,6,'2020-04-21 08:50:23','2020-04-21 10:50:23',NULL,NULL,NULL),(407,NULL,97,3,NULL,9,'2020-04-05 10:27:06','2020-04-05 12:27:06',NULL,NULL,NULL),(408,NULL,106,72,NULL,7,'2020-02-21 18:43:33','2020-02-21 19:43:33',NULL,NULL,NULL),(409,NULL,63,43,NULL,16,'2020-02-25 12:16:51','2020-02-25 13:16:51',NULL,NULL,NULL),(410,NULL,90,40,NULL,7,'2020-03-23 01:15:02','2020-03-23 02:15:02',NULL,NULL,NULL),(411,NULL,158,22,NULL,20,'2020-01-08 13:22:48','2020-01-08 14:22:48',NULL,NULL,NULL),(412,NULL,155,43,NULL,12,'2020-01-16 10:52:21','2020-01-16 11:52:21',NULL,NULL,NULL),(413,NULL,8,7,NULL,20,'2020-03-23 01:52:26','2020-03-23 02:52:26',NULL,NULL,NULL),(414,NULL,64,45,NULL,14,'2020-05-13 15:27:38','2020-05-13 17:27:38',NULL,NULL,NULL),(415,NULL,42,5,NULL,3,'2020-06-01 08:28:55','2020-06-01 10:28:55',NULL,NULL,NULL),(416,NULL,109,32,NULL,14,'2020-03-26 23:42:16','2020-03-27 00:42:16',NULL,NULL,NULL),(417,NULL,70,19,NULL,20,'2020-02-19 23:15:19','2020-02-20 00:15:19',NULL,NULL,NULL),(418,NULL,156,57,NULL,18,'2020-04-29 03:53:56','2020-04-29 05:53:56',NULL,NULL,NULL),(419,NULL,22,15,NULL,6,'2020-01-22 17:13:30','2020-01-22 18:13:30',NULL,NULL,NULL),(420,NULL,92,15,NULL,7,'2020-02-21 15:44:39','2020-02-21 16:44:39',NULL,NULL,NULL),(421,NULL,5,4,NULL,16,'2020-04-03 01:10:05','2020-04-03 03:10:05',NULL,NULL,NULL),(422,NULL,87,21,NULL,4,'2020-05-30 00:44:36','2020-05-30 02:44:36',NULL,NULL,NULL),(423,NULL,10,31,NULL,7,'2020-03-28 14:00:04','2020-03-28 15:00:04',NULL,NULL,NULL),(424,NULL,19,60,NULL,20,'2020-01-12 08:52:30','2020-01-12 09:52:30',NULL,NULL,NULL),(425,NULL,59,39,NULL,13,'2020-05-30 02:45:04','2020-05-30 04:45:04',NULL,NULL,NULL),(426,NULL,147,48,NULL,8,'2020-02-16 14:19:06','2020-02-16 15:19:06',NULL,NULL,NULL),(427,NULL,54,35,NULL,5,'2020-02-20 07:20:22','2020-02-20 08:20:22',NULL,NULL,NULL),(428,NULL,62,9,NULL,14,'2020-05-21 12:29:56','2020-05-21 14:29:56',NULL,NULL,NULL),(429,NULL,98,3,NULL,14,'2020-05-26 16:00:35','2020-05-26 18:00:35',NULL,NULL,NULL),(430,NULL,130,42,NULL,8,'2020-04-21 22:57:15','2020-04-22 00:57:15',NULL,NULL,NULL),(431,NULL,60,64,NULL,6,'2020-01-31 01:29:02','2020-01-31 02:29:02',NULL,NULL,NULL),(432,NULL,145,19,NULL,17,'2020-02-14 23:19:08','2020-02-15 00:19:08',NULL,NULL,NULL),(433,NULL,73,26,NULL,9,'2020-01-18 10:57:26','2020-01-18 11:57:26',NULL,NULL,NULL),(434,NULL,161,64,NULL,12,'2020-04-01 20:41:30','2020-04-01 22:41:30',NULL,NULL,NULL),(435,NULL,165,6,NULL,11,'2020-05-16 06:00:10','2020-05-16 08:00:10',NULL,NULL,NULL),(436,NULL,147,21,NULL,9,'2020-01-14 20:01:21','2020-01-14 21:01:21',NULL,NULL,NULL),(437,NULL,15,69,NULL,7,'2020-03-09 11:03:34','2020-03-09 12:03:34',NULL,NULL,NULL),(438,NULL,74,7,NULL,11,'2020-04-30 18:17:30','2020-04-30 20:17:30',NULL,NULL,NULL),(439,NULL,126,60,NULL,8,'2020-03-31 11:24:55','2020-03-31 13:24:55',NULL,NULL,NULL),(440,NULL,80,74,NULL,9,'2020-01-27 03:35:25','2020-01-27 04:35:25',NULL,NULL,NULL),(441,NULL,91,31,NULL,17,'2020-05-18 12:57:13','2020-05-18 14:57:13',NULL,NULL,NULL),(442,NULL,103,26,NULL,20,'2020-05-07 11:16:53','2020-05-07 13:16:53',NULL,NULL,NULL),(443,NULL,113,59,NULL,13,'2020-03-30 00:51:11','2020-03-30 02:51:11',NULL,NULL,NULL),(444,NULL,57,58,NULL,8,'2020-04-05 10:02:20','2020-04-05 12:02:20',NULL,NULL,NULL),(445,NULL,86,72,NULL,13,'2020-03-04 13:09:25','2020-03-04 14:09:25',NULL,NULL,NULL),(446,NULL,167,18,NULL,1,'2020-02-11 13:50:22','2020-02-11 14:50:22',NULL,NULL,NULL),(447,NULL,165,7,NULL,11,'2020-01-24 14:14:48','2020-01-24 15:14:48',NULL,NULL,NULL),(448,NULL,23,14,NULL,7,'2020-03-22 02:06:15','2020-03-22 03:06:15',NULL,NULL,NULL),(449,NULL,23,78,NULL,8,'2020-02-03 06:53:48','2020-02-03 07:53:48',NULL,NULL,NULL),(450,NULL,144,17,NULL,17,'2020-05-14 20:37:55','2020-05-14 22:37:55',NULL,NULL,NULL),(451,NULL,98,13,NULL,14,'2020-03-06 02:12:51','2020-03-06 03:12:51',NULL,NULL,NULL),(452,NULL,94,74,NULL,9,'2020-02-10 21:13:41','2020-02-10 22:13:41',NULL,NULL,NULL),(453,NULL,30,52,NULL,1,'2020-01-01 03:01:35','2020-01-01 04:01:35',NULL,NULL,NULL),(454,NULL,123,71,NULL,11,'2020-01-25 02:41:06','2020-01-25 03:41:06',NULL,NULL,NULL),(455,NULL,53,19,NULL,19,'2020-03-17 16:10:41','2020-03-17 17:10:41',NULL,NULL,NULL),(456,NULL,59,38,NULL,18,'2020-05-19 04:42:29','2020-05-19 06:42:29',NULL,NULL,NULL),(457,NULL,49,34,NULL,18,'2020-04-15 11:17:15','2020-04-15 13:17:15',NULL,NULL,NULL),(458,NULL,134,45,NULL,6,'2020-02-18 21:55:23','2020-02-18 22:55:23',NULL,NULL,NULL),(459,NULL,110,72,NULL,5,'2020-01-13 11:43:30','2020-01-13 12:43:30',NULL,NULL,NULL),(460,NULL,68,35,NULL,8,'2020-03-04 06:28:00','2020-03-04 07:28:00',NULL,NULL,NULL),(461,NULL,145,76,NULL,11,'2020-01-11 01:58:26','2020-01-11 02:58:26',NULL,NULL,NULL),(462,NULL,52,58,NULL,2,'2020-05-30 17:16:23','2020-05-30 19:16:23',NULL,NULL,NULL),(463,NULL,114,35,NULL,9,'2020-02-16 07:00:11','2020-02-16 08:00:11',NULL,NULL,NULL),(464,NULL,146,79,NULL,16,'2020-04-19 07:20:55','2020-04-19 09:20:55',NULL,NULL,NULL),(465,NULL,2,34,NULL,4,'2020-01-02 13:45:01','2020-01-02 14:45:01',NULL,NULL,NULL),(466,NULL,24,43,NULL,6,'2020-05-30 14:17:15','2020-05-30 16:17:15',NULL,NULL,NULL),(467,NULL,135,25,NULL,17,'2020-02-05 22:29:04','2020-02-05 23:29:04',NULL,NULL,NULL),(468,NULL,113,55,NULL,4,'2020-03-08 02:22:19','2020-03-08 03:22:19',NULL,NULL,NULL),(469,NULL,78,3,NULL,20,'2020-01-26 08:02:36','2020-01-26 09:02:36',NULL,NULL,NULL),(470,NULL,116,31,NULL,10,'2020-01-14 08:11:18','2020-01-14 09:11:18',NULL,NULL,NULL),(471,NULL,113,1,NULL,13,'2020-02-05 18:04:19','2020-02-05 19:04:19',NULL,NULL,NULL),(472,NULL,135,69,NULL,14,'2020-05-28 14:49:39','2020-05-28 16:49:39',NULL,NULL,NULL),(473,NULL,90,44,NULL,7,'2020-03-15 14:16:55','2020-03-15 15:16:55',NULL,NULL,NULL),(474,NULL,24,16,NULL,1,'2020-04-10 11:15:03','2020-04-10 13:15:03',NULL,NULL,NULL),(475,NULL,136,67,NULL,2,'2020-04-23 17:14:44','2020-04-23 19:14:44',NULL,NULL,NULL),(476,NULL,159,53,NULL,7,'2020-05-13 13:32:28','2020-05-13 15:32:28',NULL,NULL,NULL),(477,NULL,147,77,NULL,7,'2020-05-19 01:17:10','2020-05-19 03:17:10',NULL,NULL,NULL),(478,NULL,5,40,NULL,16,'2020-05-07 16:38:46','2020-05-07 18:38:46',NULL,NULL,NULL),(479,NULL,127,9,NULL,11,'2020-03-20 18:42:51','2020-03-20 19:42:51',NULL,NULL,NULL),(480,NULL,37,79,NULL,20,'2020-01-26 17:51:29','2020-01-26 18:51:29',NULL,NULL,NULL),(481,NULL,23,19,NULL,7,'2020-05-28 04:28:22','2020-05-28 06:28:22',NULL,NULL,NULL),(482,NULL,63,22,NULL,16,'2020-03-18 03:43:18','2020-03-18 04:43:18',NULL,NULL,NULL),(483,NULL,150,41,NULL,20,'2020-05-05 02:40:35','2020-05-05 04:40:35',NULL,NULL,NULL),(484,NULL,73,78,NULL,9,'2020-03-17 02:12:29','2020-03-17 03:12:29',NULL,NULL,NULL),(485,NULL,147,20,NULL,7,'2020-03-01 12:42:04','2020-03-01 13:42:04',NULL,NULL,NULL),(486,NULL,31,26,NULL,20,'2020-01-15 02:51:23','2020-01-15 03:51:23',NULL,NULL,NULL),(487,NULL,22,5,NULL,6,'2020-04-28 12:20:46','2020-04-28 14:20:46',NULL,NULL,NULL),(488,NULL,166,50,NULL,1,'2020-03-18 09:54:52','2020-03-18 10:54:52',NULL,NULL,NULL),(489,NULL,80,20,NULL,9,'2020-04-23 09:20:48','2020-04-23 11:20:48',NULL,NULL,NULL),(490,NULL,68,6,NULL,8,'2020-01-25 15:05:37','2020-01-25 16:05:37',NULL,NULL,NULL),(491,NULL,89,67,NULL,16,'2020-03-15 15:42:42','2020-03-15 16:42:42',NULL,NULL,NULL),(492,NULL,21,43,NULL,9,'2020-02-01 19:51:25','2020-02-01 20:51:25',NULL,NULL,NULL),(493,NULL,1,45,NULL,20,'2020-02-13 03:51:02','2020-02-13 04:51:02',NULL,NULL,NULL),(494,NULL,48,45,NULL,17,'2020-04-29 15:47:23','2020-04-29 17:47:23',NULL,NULL,NULL),(495,NULL,134,72,NULL,6,'2020-01-07 16:25:37','2020-01-07 17:25:37',NULL,NULL,NULL),(496,NULL,37,12,NULL,20,'2020-04-26 19:02:03','2020-04-26 21:02:03',NULL,NULL,NULL),(497,NULL,143,16,NULL,18,'2020-01-11 00:13:39','2020-01-11 01:13:39',NULL,NULL,NULL),(498,NULL,35,40,NULL,18,'2020-01-23 11:35:51','2020-01-23 12:35:51',NULL,NULL,NULL),(499,NULL,71,54,NULL,20,'2020-04-21 20:04:27','2020-04-21 22:04:27',NULL,NULL,NULL),(500,NULL,7,61,NULL,1,'2020-02-16 14:13:22','2020-02-16 15:13:22',NULL,NULL,NULL),(501,NULL,163,48,NULL,16,'2020-03-22 19:48:40','2020-03-22 20:48:40',NULL,NULL,NULL),(502,NULL,154,17,NULL,1,'2020-02-16 21:28:29','2020-02-16 22:28:29',NULL,NULL,NULL),(503,NULL,129,29,NULL,5,'2020-01-22 01:15:06','2020-01-22 02:15:06',NULL,NULL,NULL),(504,NULL,48,73,NULL,11,'2020-04-09 16:41:39','2020-04-09 18:41:39',NULL,NULL,NULL),(505,NULL,16,61,NULL,10,'2020-05-15 16:24:15','2020-05-15 18:24:15',NULL,NULL,NULL),(506,NULL,159,62,NULL,8,'2020-04-08 23:03:32','2020-04-09 01:03:32',NULL,NULL,NULL),(507,NULL,58,76,NULL,16,'2020-03-07 09:09:31','2020-03-07 10:09:31',NULL,NULL,NULL),(508,NULL,42,11,NULL,10,'2020-03-28 01:26:19','2020-03-28 02:26:19',NULL,NULL,NULL),(509,NULL,153,74,NULL,6,'2020-04-15 15:00:54','2020-04-15 17:00:54',NULL,NULL,NULL),(510,NULL,20,11,NULL,5,'2020-04-15 06:35:56','2020-04-15 08:35:56',NULL,NULL,NULL),(511,NULL,73,10,NULL,8,'2020-02-03 12:53:34','2020-02-03 13:53:34',NULL,NULL,NULL),(512,NULL,8,49,NULL,20,'2020-04-29 01:26:57','2020-04-29 03:26:57',NULL,NULL,NULL),(513,NULL,15,5,NULL,8,'2020-03-01 11:55:46','2020-03-01 12:55:46',NULL,NULL,NULL),(514,NULL,85,4,NULL,20,'2020-05-20 09:52:36','2020-05-20 11:52:36',NULL,NULL,NULL),(515,NULL,117,35,NULL,14,'2020-03-04 04:16:07','2020-03-04 05:16:07',NULL,NULL,NULL),(516,NULL,100,48,NULL,20,'2020-06-01 09:48:02','2020-06-01 11:48:02',NULL,NULL,NULL),(517,NULL,119,58,NULL,11,'2020-03-11 20:42:35','2020-03-11 21:42:35',NULL,NULL,NULL),(518,NULL,9,5,NULL,14,'2020-01-11 04:33:19','2020-01-11 05:33:19',NULL,NULL,NULL),(519,NULL,8,69,NULL,20,'2020-05-04 06:29:55','2020-05-04 08:29:55',NULL,NULL,NULL),(520,NULL,111,14,NULL,3,'2020-05-05 09:12:55','2020-05-05 11:12:55',NULL,NULL,NULL),(521,NULL,133,20,NULL,1,'2020-04-05 21:57:01','2020-04-05 23:57:01',NULL,NULL,NULL),(522,NULL,143,32,NULL,18,'2020-04-29 09:20:15','2020-04-29 11:20:15',NULL,NULL,NULL),(523,NULL,157,3,NULL,19,'2020-01-02 15:25:03','2020-01-02 16:25:03',NULL,NULL,NULL),(524,NULL,63,42,NULL,16,'2020-01-11 20:21:47','2020-01-11 21:21:47',NULL,NULL,NULL),(525,NULL,117,14,NULL,17,'2020-03-11 15:57:01','2020-03-11 16:57:01',NULL,NULL,NULL),(526,NULL,140,9,NULL,15,'2020-03-08 13:15:02','2020-03-08 14:15:02',NULL,NULL,NULL),(527,NULL,143,6,NULL,18,'2020-03-01 23:03:00','2020-03-02 00:03:00',NULL,NULL,NULL),(528,NULL,130,21,NULL,7,'2020-05-31 04:08:21','2020-05-31 06:08:21',NULL,NULL,NULL),(529,NULL,58,12,NULL,12,'2020-03-09 05:36:18','2020-03-09 06:36:18',NULL,NULL,NULL),(530,NULL,3,14,NULL,15,'2020-02-28 03:24:05','2020-02-28 04:24:05',NULL,NULL,NULL),(531,NULL,162,31,NULL,20,'2020-01-09 17:12:34','2020-01-09 18:12:34',NULL,NULL,NULL),(532,NULL,137,16,NULL,19,'2020-05-01 22:23:03','2020-05-02 00:23:03',NULL,NULL,NULL),(533,NULL,96,42,NULL,4,'2020-02-22 08:05:46','2020-02-22 09:05:46',NULL,NULL,NULL),(534,NULL,98,8,NULL,17,'2020-04-08 17:21:56','2020-04-08 19:21:56',NULL,NULL,NULL),(535,NULL,87,14,NULL,18,'2020-02-18 23:01:49','2020-02-19 00:01:49',NULL,NULL,NULL),(536,NULL,49,18,NULL,4,'2020-02-25 22:32:44','2020-02-25 23:32:44',NULL,NULL,NULL),(537,NULL,41,19,NULL,11,'2020-05-13 04:22:13','2020-05-13 06:22:13',NULL,NULL,NULL),(538,NULL,139,35,NULL,7,'2020-01-23 07:54:32','2020-01-23 08:54:32',NULL,NULL,NULL),(539,NULL,115,44,NULL,4,'2020-02-13 03:59:06','2020-02-13 04:59:06',NULL,NULL,NULL),(540,NULL,85,18,NULL,20,'2020-04-22 00:18:43','2020-04-22 02:18:43',NULL,NULL,NULL),(541,NULL,156,26,NULL,13,'2020-02-14 07:32:54','2020-02-14 08:32:54',NULL,NULL,NULL),(542,NULL,146,67,NULL,16,'2020-04-01 12:21:10','2020-04-01 14:21:10',NULL,NULL,NULL),(543,NULL,106,37,NULL,7,'2020-01-27 02:28:36','2020-01-27 03:28:36',NULL,NULL,NULL),(544,NULL,162,77,NULL,20,'2020-02-17 00:16:52','2020-02-17 01:16:52',NULL,NULL,NULL),(545,NULL,101,58,NULL,14,'2020-03-27 02:02:22','2020-03-27 03:02:22',NULL,NULL,NULL),(546,NULL,154,5,NULL,6,'2020-04-24 14:19:51','2020-04-24 16:19:51',NULL,NULL,NULL),(547,NULL,99,52,NULL,7,'2020-04-25 03:17:05','2020-04-25 05:17:05',NULL,NULL,NULL),(548,NULL,163,38,NULL,12,'2020-04-28 02:47:52','2020-04-28 04:47:52',NULL,NULL,NULL),(549,NULL,72,66,NULL,16,'2020-01-23 14:18:48','2020-01-23 15:18:48',NULL,NULL,NULL),(550,NULL,116,70,NULL,3,'2020-01-16 23:40:29','2020-01-17 00:40:29',NULL,NULL,NULL),(551,NULL,71,13,NULL,20,'2020-01-12 17:43:14','2020-01-12 18:43:14',NULL,NULL,NULL),(552,NULL,33,76,NULL,15,'2020-05-01 17:40:26','2020-05-01 19:40:26',NULL,NULL,NULL),(553,NULL,128,33,NULL,10,'2020-01-31 23:26:04','2020-02-01 00:26:04',NULL,NULL,NULL),(554,NULL,113,41,NULL,18,'2020-04-14 00:07:29','2020-04-14 02:07:29',NULL,NULL,NULL),(555,NULL,106,72,NULL,7,'2020-04-03 01:43:48','2020-04-03 03:43:48',NULL,NULL,NULL),(556,NULL,6,41,NULL,5,'2020-04-21 18:31:47','2020-04-21 20:31:47',NULL,NULL,NULL),(557,NULL,120,10,NULL,20,'2020-01-20 22:17:14','2020-01-20 23:17:14',NULL,NULL,NULL),(558,NULL,116,73,NULL,3,'2020-01-08 00:46:20','2020-01-08 01:46:20',NULL,NULL,NULL),(559,NULL,16,73,NULL,15,'2020-01-21 02:52:29','2020-01-21 03:52:29',NULL,NULL,NULL),(560,NULL,159,5,NULL,8,'2020-05-10 16:14:07','2020-05-10 18:14:07',NULL,NULL,NULL),(561,NULL,26,11,NULL,7,'2020-05-08 09:38:23','2020-05-08 11:38:23',NULL,NULL,NULL),(562,NULL,41,27,NULL,11,'2020-05-24 00:17:55','2020-05-24 02:17:55',NULL,NULL,NULL),(563,NULL,4,43,NULL,18,'2020-04-21 04:34:20','2020-04-21 06:34:20',NULL,NULL,NULL),(564,NULL,131,18,NULL,2,'2020-05-04 03:53:14','2020-05-04 05:53:14',NULL,NULL,NULL),(565,NULL,59,77,NULL,4,'2020-05-19 17:41:31','2020-05-19 19:41:31',NULL,NULL,NULL),(566,NULL,160,48,NULL,5,'2020-01-06 00:31:16','2020-01-06 01:31:16',NULL,NULL,NULL),(567,NULL,97,56,NULL,7,'2020-05-01 21:49:52','2020-05-01 23:49:52',NULL,NULL,NULL),(568,NULL,6,59,NULL,5,'2020-05-05 22:59:48','2020-05-06 00:59:48',NULL,NULL,NULL),(569,NULL,2,61,NULL,18,'2020-01-18 14:01:55','2020-01-18 15:01:55',NULL,NULL,NULL),(570,NULL,159,72,NULL,8,'2020-01-03 13:14:03','2020-01-03 14:14:03',NULL,NULL,NULL),(571,NULL,15,48,NULL,7,'2020-04-30 11:51:31','2020-04-30 13:51:31',NULL,NULL,NULL),(572,NULL,14,38,NULL,12,'2020-02-29 16:08:36','2020-02-29 17:08:36',NULL,NULL,NULL),(573,NULL,46,74,NULL,15,'2020-04-17 11:08:57','2020-04-17 13:08:57',NULL,NULL,NULL),(574,NULL,79,25,NULL,20,'2020-04-23 14:24:16','2020-04-23 16:24:16',NULL,NULL,NULL),(575,NULL,110,64,NULL,6,'2020-04-27 03:11:55','2020-04-27 05:11:55',NULL,NULL,NULL),(576,NULL,81,70,NULL,9,'2020-01-13 09:42:41','2020-01-13 10:42:41',NULL,NULL,NULL),(577,NULL,30,71,NULL,5,'2020-05-30 00:32:35','2020-05-30 02:32:35',NULL,NULL,NULL),(578,NULL,43,62,NULL,8,'2020-01-09 00:00:11','2020-01-09 01:00:11',NULL,NULL,NULL),(579,NULL,68,27,NULL,9,'2020-01-10 20:27:16','2020-01-10 21:27:16',NULL,NULL,NULL),(580,NULL,122,4,NULL,19,'2020-04-15 07:42:49','2020-04-15 09:42:49',NULL,NULL,NULL),(581,NULL,7,76,NULL,1,'2020-03-15 04:03:22','2020-03-15 05:03:22',NULL,NULL,NULL),(582,NULL,141,29,NULL,10,'2020-05-21 09:45:17','2020-05-21 11:45:17',NULL,NULL,NULL),(583,NULL,60,72,NULL,5,'2020-05-26 12:30:56','2020-05-26 14:30:56',NULL,NULL,NULL),(584,NULL,76,75,NULL,12,'2020-02-23 02:40:06','2020-02-23 03:40:06',NULL,NULL,NULL),(585,NULL,153,76,NULL,5,'2020-01-20 19:37:48','2020-01-20 20:37:48',NULL,NULL,NULL),(586,NULL,34,49,NULL,16,'2020-05-30 21:00:39','2020-05-30 23:00:39',NULL,NULL,NULL),(587,NULL,90,75,NULL,9,'2020-04-12 02:11:54','2020-04-12 04:11:54',NULL,NULL,NULL),(588,NULL,59,76,NULL,13,'2020-02-11 06:27:16','2020-02-11 07:27:16',NULL,NULL,NULL),(589,NULL,42,43,NULL,15,'2020-03-01 21:47:05','2020-03-01 22:47:05',NULL,NULL,NULL),(590,NULL,71,45,NULL,20,'2020-03-23 07:26:19','2020-03-23 08:26:19',NULL,NULL,NULL),(591,NULL,31,2,NULL,20,'2020-02-22 08:49:15','2020-02-22 09:49:15',NULL,NULL,NULL),(592,NULL,74,10,NULL,11,'2020-01-04 03:44:04','2020-01-04 04:44:04',NULL,NULL,NULL),(593,NULL,18,1,NULL,9,'2020-01-01 15:46:41','2020-01-01 16:46:41',NULL,NULL,NULL),(594,NULL,97,11,NULL,7,'2020-03-01 22:32:25','2020-03-01 23:32:25',NULL,NULL,NULL),(595,NULL,162,67,NULL,20,'2020-04-10 17:10:58','2020-04-10 19:10:58',NULL,NULL,NULL),(596,NULL,73,25,NULL,9,'2020-05-29 04:47:01','2020-05-29 06:47:01',NULL,NULL,NULL),(597,NULL,102,36,NULL,19,'2020-03-24 09:55:42','2020-03-24 10:55:42',NULL,NULL,NULL),(598,NULL,25,48,NULL,4,'2020-03-24 07:25:38','2020-03-24 08:25:38',NULL,NULL,NULL),(599,NULL,133,53,NULL,5,'2020-02-12 00:17:42','2020-02-12 01:17:42',NULL,NULL,NULL),(600,NULL,151,58,NULL,17,'2020-02-24 15:23:20','2020-02-24 16:23:20',NULL,NULL,NULL),(601,NULL,148,79,NULL,10,'2020-01-28 16:10:56','2020-01-28 17:10:56',NULL,NULL,NULL),(602,NULL,76,43,NULL,16,'2020-05-08 22:35:07','2020-05-09 00:35:07',NULL,NULL,NULL),(603,NULL,5,17,NULL,16,'2020-02-06 06:44:55','2020-02-06 07:44:55',NULL,NULL,NULL),(604,NULL,70,67,NULL,20,'2020-01-27 11:10:29','2020-01-27 12:10:29',NULL,NULL,NULL),(605,NULL,154,24,NULL,1,'2020-04-23 01:48:04','2020-04-23 03:48:04',NULL,NULL,NULL),(606,NULL,86,67,NULL,4,'2020-05-15 03:36:01','2020-05-15 05:36:01',NULL,NULL,NULL),(607,NULL,164,70,NULL,20,'2020-03-09 09:06:03','2020-03-09 10:06:03',NULL,NULL,NULL),(608,NULL,46,24,NULL,19,'2020-01-02 14:33:20','2020-01-02 15:33:20',NULL,NULL,NULL),(609,NULL,74,71,NULL,17,'2020-05-12 21:06:40','2020-05-12 23:06:40',NULL,NULL,NULL),(610,NULL,86,77,NULL,4,'2020-04-20 16:25:34','2020-04-20 18:25:34',NULL,NULL,NULL),(611,NULL,15,58,NULL,7,'2020-04-18 14:06:37','2020-04-18 16:06:37',NULL,NULL,NULL),(612,NULL,127,46,NULL,17,'2020-02-12 00:25:34','2020-02-12 01:25:34',NULL,NULL,NULL),(613,NULL,92,47,NULL,8,'2020-03-05 06:10:24','2020-03-05 07:10:24',NULL,NULL,NULL),(614,NULL,136,2,NULL,12,'2020-01-02 07:53:47','2020-01-02 08:53:47',NULL,NULL,NULL),(615,NULL,114,18,NULL,9,'2020-03-22 00:52:46','2020-03-22 01:52:46',NULL,NULL,NULL),(616,NULL,32,30,NULL,17,'2020-01-24 20:59:37','2020-01-24 21:59:37',NULL,NULL,NULL),(617,NULL,108,69,NULL,3,'2020-05-14 09:58:37','2020-05-14 11:58:37',NULL,NULL,NULL),(618,NULL,10,47,NULL,9,'2020-01-03 02:06:30','2020-01-03 03:06:30',NULL,NULL,NULL),(619,NULL,43,65,NULL,8,'2020-01-19 02:32:43','2020-01-19 03:32:43',NULL,NULL,NULL),(620,NULL,30,67,NULL,6,'2020-04-26 19:45:40','2020-04-26 21:45:40',NULL,NULL,NULL),(621,NULL,72,56,NULL,2,'2020-05-24 23:24:27','2020-05-25 01:24:27',NULL,NULL,NULL),(622,NULL,84,13,NULL,12,'2020-01-23 19:55:59','2020-01-23 20:55:59',NULL,NULL,NULL),(623,NULL,116,77,NULL,19,'2020-01-23 10:13:24','2020-01-23 11:13:24',NULL,NULL,NULL),(624,NULL,112,20,NULL,20,'2020-03-22 16:33:57','2020-03-22 17:33:57',NULL,NULL,NULL),(625,NULL,38,79,NULL,3,'2020-05-13 13:58:48','2020-05-13 15:58:48',NULL,NULL,NULL),(626,NULL,163,30,NULL,16,'2020-05-14 13:31:05','2020-05-14 15:31:05',NULL,NULL,NULL),(627,NULL,74,20,NULL,14,'2020-04-10 00:54:09','2020-04-10 02:54:09',NULL,NULL,NULL),(628,NULL,80,25,NULL,7,'2020-04-09 05:24:59','2020-04-09 07:24:59',NULL,NULL,NULL),(629,NULL,126,7,NULL,9,'2020-01-10 21:59:14','2020-01-10 22:59:14',NULL,NULL,NULL),(630,NULL,29,69,NULL,18,'2020-03-25 07:27:27','2020-03-25 08:27:27',NULL,NULL,NULL),(631,NULL,107,56,NULL,12,'2020-03-29 17:26:45','2020-03-29 19:26:45',NULL,NULL,NULL),(632,NULL,113,55,NULL,4,'2020-05-03 01:15:50','2020-05-03 03:15:50',NULL,NULL,NULL),(633,NULL,62,3,NULL,14,'2020-01-28 15:16:37','2020-01-28 16:16:37',NULL,NULL,NULL),(634,NULL,39,33,NULL,20,'2020-03-10 09:14:00','2020-03-10 10:14:00',NULL,NULL,NULL),(635,NULL,56,10,NULL,12,'2020-02-20 01:59:55','2020-02-20 02:59:55',NULL,NULL,NULL),(636,NULL,28,53,NULL,18,'2020-04-10 20:28:25','2020-04-10 22:28:25',NULL,NULL,NULL),(637,NULL,26,6,NULL,7,'2020-03-07 10:29:11','2020-03-07 11:29:11',NULL,NULL,NULL),(638,NULL,66,69,NULL,12,'2020-03-28 08:53:06','2020-03-28 09:53:06',NULL,NULL,NULL),(639,NULL,39,43,NULL,20,'2020-02-25 09:08:27','2020-02-25 10:08:27',NULL,NULL,NULL),(640,NULL,32,42,NULL,11,'2020-02-09 03:52:12','2020-02-09 04:52:12',NULL,NULL,NULL),(641,NULL,42,60,NULL,3,'2020-03-15 00:25:10','2020-03-15 01:25:10',NULL,NULL,NULL),(642,NULL,124,36,NULL,20,'2020-05-08 15:29:26','2020-05-08 17:29:26',NULL,NULL,NULL),(643,NULL,61,42,NULL,15,'2020-02-18 08:04:17','2020-02-18 09:04:17',NULL,NULL,NULL),(644,NULL,129,26,NULL,1,'2020-03-17 17:48:57','2020-03-17 18:48:57',NULL,NULL,NULL),(645,NULL,15,28,NULL,8,'2020-04-02 19:31:15','2020-04-02 21:31:15',NULL,NULL,NULL),(646,NULL,15,29,NULL,7,'2020-05-07 13:36:18','2020-05-07 15:36:18',NULL,NULL,NULL),(647,NULL,52,65,NULL,2,'2020-05-15 14:38:22','2020-05-15 16:38:22',NULL,NULL,NULL),(648,NULL,153,17,NULL,5,'2020-06-01 10:13:31','2020-06-01 12:13:31',NULL,NULL,NULL),(649,NULL,67,14,NULL,11,'2020-02-11 02:55:18','2020-02-11 03:55:18',NULL,NULL,NULL),(650,NULL,28,59,NULL,13,'2020-04-15 16:21:06','2020-04-15 18:21:06',NULL,NULL,NULL),(651,NULL,67,63,NULL,11,'2020-02-10 18:05:59','2020-02-10 19:05:59',NULL,NULL,NULL),(652,NULL,64,6,NULL,17,'2020-02-04 18:37:10','2020-02-04 19:37:10',NULL,NULL,NULL),(653,NULL,119,54,NULL,11,'2020-05-20 13:37:31','2020-05-20 15:37:31',NULL,NULL,NULL),(654,NULL,150,14,NULL,20,'2020-05-07 07:39:38','2020-05-07 09:39:38',NULL,NULL,NULL),(655,NULL,6,62,NULL,5,'2020-05-07 17:04:14','2020-05-07 19:04:14',NULL,NULL,NULL),(656,NULL,113,20,NULL,18,'2020-01-03 12:19:58','2020-01-03 13:19:58',NULL,NULL,NULL),(657,NULL,58,61,NULL,12,'2020-04-11 18:22:38','2020-04-11 20:22:38',NULL,NULL,NULL),(658,NULL,72,20,NULL,2,'2020-03-07 17:34:39','2020-03-07 18:34:39',NULL,NULL,NULL),(659,NULL,47,9,NULL,20,'2020-01-30 19:29:26','2020-01-30 20:29:26',NULL,NULL,NULL),(660,NULL,31,9,NULL,20,'2020-04-07 11:37:50','2020-04-07 13:37:50',NULL,NULL,NULL),(661,NULL,109,42,NULL,11,'2020-02-04 11:13:15','2020-02-04 12:13:15',NULL,NULL,NULL),(662,NULL,83,22,NULL,4,'2020-04-22 23:31:51','2020-04-23 01:31:51',NULL,NULL,NULL),(663,NULL,125,20,NULL,4,'2020-01-31 18:38:41','2020-01-31 19:38:41',NULL,NULL,NULL),(664,NULL,61,38,NULL,10,'2020-03-01 04:39:53','2020-03-01 05:39:53',NULL,NULL,NULL),(665,NULL,45,21,NULL,12,'2020-05-17 01:58:15','2020-05-17 03:58:15',NULL,NULL,NULL),(666,NULL,123,36,NULL,11,'2020-04-24 01:31:31','2020-04-24 03:31:31',NULL,NULL,NULL),(667,NULL,15,29,NULL,7,'2020-03-14 03:27:59','2020-03-14 04:27:59',NULL,NULL,NULL),(668,NULL,144,44,NULL,11,'2020-03-07 01:12:34','2020-03-07 02:12:34',NULL,NULL,NULL),(669,NULL,65,53,NULL,17,'2020-02-10 16:30:25','2020-02-10 17:30:25',NULL,NULL,NULL),(670,NULL,120,77,NULL,20,'2020-05-29 01:35:26','2020-05-29 03:35:26',NULL,NULL,NULL),(671,NULL,34,65,NULL,12,'2020-01-21 04:02:55','2020-01-21 05:02:55',NULL,NULL,NULL),(672,NULL,27,79,NULL,18,'2020-03-29 11:44:11','2020-03-29 13:44:11',NULL,NULL,NULL),(673,NULL,9,69,NULL,11,'2020-02-24 03:51:23','2020-02-24 04:51:23',NULL,NULL,NULL),(674,NULL,166,46,NULL,6,'2020-03-23 13:00:55','2020-03-23 14:00:55',NULL,NULL,NULL),(675,NULL,83,9,NULL,18,'2020-01-07 15:33:24','2020-01-07 16:33:24',NULL,NULL,NULL),(676,NULL,34,73,NULL,12,'2020-02-04 12:35:57','2020-02-04 13:35:57',NULL,NULL,NULL),(677,NULL,30,34,NULL,6,'2020-01-16 11:16:31','2020-01-16 12:16:31',NULL,NULL,NULL),(678,NULL,126,50,NULL,7,'2020-05-26 05:06:00','2020-05-26 07:06:00',NULL,NULL,NULL),(679,NULL,72,63,NULL,2,'2020-02-01 04:51:30','2020-02-01 05:51:30',NULL,NULL,NULL),(680,NULL,127,63,NULL,11,'2020-03-31 17:33:21','2020-03-31 19:33:21',NULL,NULL,NULL),(681,NULL,99,26,NULL,9,'2020-02-22 14:08:11','2020-02-22 15:08:11',NULL,NULL,NULL),(682,NULL,131,54,NULL,12,'2020-02-14 22:50:01','2020-02-14 23:50:01',NULL,NULL,NULL),(683,NULL,152,5,NULL,3,'2020-04-08 11:09:12','2020-04-08 13:09:12',NULL,NULL,NULL),(684,NULL,127,10,NULL,17,'2020-05-04 04:28:59','2020-05-04 06:28:59',NULL,NULL,NULL),(685,NULL,97,60,NULL,8,'2020-01-26 23:56:41','2020-01-27 00:56:41',NULL,NULL,NULL),(686,NULL,91,63,NULL,14,'2020-02-19 08:02:09','2020-02-19 09:02:09',NULL,NULL,NULL),(687,NULL,158,49,NULL,20,'2020-02-27 20:42:57','2020-02-27 21:42:57',NULL,NULL,NULL),(688,NULL,93,41,NULL,18,'2020-03-01 09:57:56','2020-03-01 10:57:56',NULL,NULL,NULL),(689,NULL,70,28,NULL,20,'2020-05-05 19:15:15','2020-05-05 21:15:15',NULL,NULL,NULL),(690,NULL,165,14,NULL,11,'2020-03-19 03:03:40','2020-03-19 04:03:40',NULL,NULL,NULL),(691,NULL,75,36,NULL,13,'2020-03-01 18:46:35','2020-03-01 19:46:35',NULL,NULL,NULL);
/*!40000 ALTER TABLE `rental` ENABLE KEYS */;
UNLOCK TABLES;

--
-- Table structure for table `staff`
--

DROP TABLE IF EXISTS `staff`;
/*!40101 SET @saved_cs_client     = @@character_set_client */;
/*!50503 SET character_set_client = utf8mb4 */;
CREATE TABLE `staff` (
  `rowid` tinyint unsigned NOT NULL AUTO_INCREMENT,
  `first_name` varchar(45) NOT NULL,
  `last_name` varchar(45) NOT NULL,
  `address_id` smallint unsigned NOT NULL,
  `email` varchar(50) DEFAULT NULL,
  `store_id` tinyint unsigned NOT NULL,
  `last_update` timestamp NOT NULL DEFAULT CURRENT_TIMESTAMP,
  PRIMARY KEY (`rowid`),
  KEY `idx_fk_address_id` (`address_id`),
  KEY `fk_staff_store_idx` (`store_id`),
  CONSTRAINT `fk_staff_address` FOREIGN KEY (`address_id`) REFERENCES `address` (`rowid`) ON DELETE RESTRICT ON UPDATE CASCADE,
  CONSTRAINT `fk_staff_store` FOREIGN KEY (`store_id`) REFERENCES `store` (`rowid`)
) ENGINE=InnoDB AUTO_INCREMENT=21 DEFAULT CHARSET=utf8;
/*!40101 SET character_set_client = @saved_cs_client */;

--
-- Dumping data for table `staff`
--

LOCK TABLES `staff` WRITE;
/*!40000 ALTER TABLE `staff` DISABLE KEYS */;
INSERT INTO `staff` VALUES (1,'Rommy','Schoenbach',8,'rommy_schoenbach@xyz.none',1,'2019-12-22 08:31:41'),(2,'Markwart','Holder',9,'markwart.holder@spam.none',5,'2019-12-26 22:03:33'),(3,'Ben','Ney',10,'ben-ney@internet.none',3,'2019-12-27 23:12:42'),(4,'Birglinde','Laas',11,'b_laas@company.none',4,'2019-12-26 16:06:59'),(5,'Heideliese','Schomaker',12,'heideliese_schomaker@company.none',1,'2019-12-27 22:02:12'),(6,'Harri','Olsen',13,'harri-olsen@company.none',1,'2019-12-21 10:12:28'),(7,'Dorlinde','Ohl',14,'dohl@web.none',6,'2019-12-25 09:55:43'),(8,'Sieghild','Schlenker',15,'s_@mail.none',6,'2019-12-20 20:01:12'),(9,'Gerhardt','Roeseler',16,'g_roeseler@mail.none',6,'2019-12-29 23:18:53'),(10,'Simpert','Oberst',17,'simpert_oberst@web.none',3,'2019-12-23 09:30:49'),(11,'Kirsten','Detzel',18,'k-detzel@internet.none',7,'2019-12-29 02:37:29'),(12,'Raimund','Niessen',19,'raimund1948@internet.none',5,'2019-12-22 09:34:55'),(13,'Siegberta','Siemers',20,'siegberta-siemers@xyz.none',4,'2019-12-26 17:02:09'),(14,'Olf','Juengling',21,'olf_@net.none',7,'2019-12-24 09:26:01'),(15,'Sieghardt','Scherbaum',22,'sieghardt_scherbaum@private.none',3,'2019-12-21 21:03:38'),(16,'Ian','Schupp',23,'ian-@company.none',5,'2019-12-27 06:00:09'),(17,'Mark','Barrenbruegge',24,'m.@host.none',7,'2019-12-28 15:49:49'),(18,'Raimunde','Nelle',25,'raimunde.@host.none',4,'2019-12-30 14:08:41'),(19,'Hermelinde','Osterkamp',26,'hermelinde_osterkamp@net.none',3,'2019-12-25 00:13:57'),(20,'Annette','Kuhnert',27,'annette@email.none',2,'2019-12-24 07:43:45');
/*!40000 ALTER TABLE `staff` ENABLE KEYS */;
UNLOCK TABLES;

--
-- Table structure for table `store`
--

DROP TABLE IF EXISTS `store`;
/*!40101 SET @saved_cs_client     = @@character_set_client */;
/*!50503 SET character_set_client = utf8mb4 */;
CREATE TABLE `store` (
  `rowid` tinyint unsigned NOT NULL AUTO_INCREMENT,
  `manager_staff_id` tinyint unsigned NOT NULL,
  `address_id` smallint unsigned NOT NULL,
  `last_update` timestamp NOT NULL DEFAULT CURRENT_TIMESTAMP,
  PRIMARY KEY (`rowid`),
  UNIQUE KEY `idx_unique_manager` (`manager_staff_id`),
  KEY `idx_fk_address_id` (`address_id`),
  CONSTRAINT `fk_store_address` FOREIGN KEY (`address_id`) REFERENCES `address` (`rowid`) ON DELETE RESTRICT ON UPDATE CASCADE,
  CONSTRAINT `fk_store_staff` FOREIGN KEY (`manager_staff_id`) REFERENCES `staff` (`rowid`) ON DELETE RESTRICT ON UPDATE CASCADE
) ENGINE=InnoDB AUTO_INCREMENT=8 DEFAULT CHARSET=utf8;
/*!40101 SET character_set_client = @saved_cs_client */;

--
-- Dumping data for table `store`
--

LOCK TABLES `store` WRITE;
/*!40000 ALTER TABLE `store` DISABLE KEYS */;
INSERT INTO `store` VALUES (1,1,1,'2019-12-13 18:06:57'),(2,2,2,'2019-12-14 22:17:47'),(3,3,3,'2019-12-13 10:08:06'),(4,4,4,'2019-12-12 08:47:08'),(5,5,5,'2019-12-11 14:31:22'),(6,6,6,'2019-12-10 23:15:26'),(7,7,7,'2019-12-10 01:43:07');
/*!40000 ALTER TABLE `store` ENABLE KEYS */;
UNLOCK TABLES;

--
-- Dumping events for database 'sakila'
--
/*!40103 SET TIME_ZONE=@OLD_TIME_ZONE */;

/*!40101 SET SQL_MODE=@OLD_SQL_MODE */;
/*!40014 SET FOREIGN_KEY_CHECKS=@OLD_FOREIGN_KEY_CHECKS */;
/*!40014 SET UNIQUE_CHECKS=@OLD_UNIQUE_CHECKS */;
/*!40101 SET CHARACTER_SET_CLIENT=@OLD_CHARACTER_SET_CLIENT */;
/*!40101 SET CHARACTER_SET_RESULTS=@OLD_CHARACTER_SET_RESULTS */;
/*!40101 SET COLLATION_CONNECTION=@OLD_COLLATION_CONNECTION */;
/*!40111 SET SQL_NOTES=@OLD_SQL_NOTES */;

-- Dump completed on 2020-06-09 21:46:54
