"rental_id";"rental_date";"inventory_id";"customer_id";"return_date";"staff_id";"last_update";"created_date";"order_confirmed_date";"order_rejected_date";"return_inspected_date"
1;"";15;3;"";9;"2020-05-28 05:05:43";"2020-05-28 05:05:43";"";"";""
2;"";156;2;"";4;"2020-02-21 18:06:06";"2020-02-21 18:06:06";"";"";""
3;"";31;3;"";20;"2020-04-26 12:45:17";"2020-04-26 12:45:17";"";"";""
4;"";139;32;"";9;"2020-05-08 09:04:53";"2020-05-08 09:04:53";"";"";""
5;"";129;44;"";6;"2020-03-09 14:06:31";"2020-03-09 14:06:31";"";"";""
6;"";15;43;"";9;"2020-03-17 15:26:59";"2020-03-17 15:26:59";"";"";""
7;"";131;18;"";12;"2020-01-01 17:13:18";"2020-01-01 17:13:18";"";"";""
8;"";62;24;"";11;"2020-02-14 21:16:48";"2020-02-14 21:16:48";"";"";""
9;"";63;18;"";16;"2020-03-25 10:03:22";"2020-03-25 10:03:22";"";"";""
10;"";146;65;"";12;"2020-05-09 05:44:24";"2020-05-09 05:44:24";"";"";""
11;"";54;54;"";1;"2020-03-25 17:31:01";"2020-03-25 17:31:01";"";"";""
12;"";166;65;"";5;"2020-05-30 07:40:18";"2020-05-30 07:40:18";"";"";""
13;"";46;1;"";15;"2020-02-19 04:44:03";"2020-02-19 04:44:03";"";"";""
14;"";66;8;"";2;"2020-04-24 17:32:58";"2020-04-24 17:32:58";"";"";""
15;"";57;68;"";7;"2020-04-05 13:11:33";"2020-04-05 13:11:33";"";"";""
16;"";74;64;"";14;"2020-05-15 14:33:38";"2020-05-15 14:33:38";"";"";""
17;"";113;4;"";13;"2020-05-10 08:27:09";"2020-05-10 08:27:09";"";"";""
18;"";159;23;"";7;"2020-03-15 13:04:44";"2020-03-15 13:04:44";"";"";""
19;"";80;41;"";7;"2020-04-07 23:54:40";"2020-04-07 23:54:40";"";"";""
20;"";59;38;"";18;"2020-02-22 20:03:02";"2020-02-22 20:03:02";"";"";""
21;"";26;26;"";7;"2020-05-06 12:37:12";"2020-05-06 12:37:12";"";"";""
22;"";64;56;"";14;"2020-02-08 11:54:01";"2020-02-08 11:54:01";"";"";""
23;"";81;31;"";8;"2020-02-14 18:08:43";"2020-02-14 18:08:43";"";"";""
24;"";63;72;"";2;"2020-02-07 01:28:54";"2020-02-07 01:28:54";"";"";""
25;"";131;55;"";16;"2020-01-31 03:10:32";"2020-01-31 03:10:32";"";"";""
26;"";37;63;"";20;"2020-04-08 09:48:20";"2020-04-08 09:48:20";"";"";""
27;"";97;20;"";9;"2020-03-01 01:22:00";"2020-03-01 01:22:00";"";"";""
28;"";39;78;"";20;"2020-02-05 04:29:07";"2020-02-05 04:29:07";"";"";""
29;"";104;16;"";3;"2020-05-20 08:12:27";"2020-05-20 08:12:27";"";"";""
30;"";118;76;"";7;"2020-03-06 11:18:13";"2020-03-06 11:18:13";"";"";""
31;"";80;9;"";7;"2020-03-04 08:52:51";"2020-03-04 08:52:51";"";"";""
32;"";39;55;"";20;"2020-03-20 15:51:55";"2020-03-20 15:51:55";"";"";""
33;"";51;36;"";13;"2020-06-02 07:41:23";"2020-06-02 07:41:23";"";"";""
34;"";27;39;"";18;"2020-04-07 06:22:34";"2020-04-07 06:22:34";"";"";""
35;"";18;47;"";8;"2020-03-24 23:52:32";"2020-03-24 23:52:32";"";"";""
36;"";163;32;"";2;"2020-02-09 05:04:54";"2020-02-09 05:04:54";"";"";""
37;"";31;73;"";20;"2020-03-27 23:44:11";"2020-03-27 23:44:11";"";"";""
38;"";82;13;"";6;"2020-04-01 20:08:54";"2020-04-01 20:08:54";"";"";""
39;"";39;55;"";20;"2020-01-19 10:13:46";"2020-01-19 10:13:46";"";"";""
40;"";70;17;"";20;"2020-04-16 18:34:32";"2020-04-16 18:34:32";"";"";""
41;"";155;52;"";12;"2020-04-20 08:02:15";"2020-04-20 08:02:15";"";"";""
42;"";16;18;"";10;"2020-02-16 05:07:22";"2020-02-16 05:07:22";"";"";""
43;"";46;79;"";19;"2020-01-18 15:48:46";"2020-01-18 15:48:46";"";"";""
44;"";7;64;"";6;"2020-02-17 10:57:31";"2020-02-17 10:57:31";"";"";""
45;"";87;31;"";13;"2020-05-20 18:05:02";"2020-05-20 18:05:02";"";"";""
46;"";98;54;"";14;"2020-02-20 13:22:59";"2020-02-20 13:22:59";"";"";""
47;"";59;5;"";4;"2020-04-21 19:09:52";"2020-04-21 19:09:52";"";"";""
48;"";135;42;"";14;"2020-01-24 10:36:06";"2020-01-24 10:36:06";"";"";""
49;"";42;35;"";19;"2020-03-31 04:59:54";"2020-03-31 04:59:54";"";"";""
50;"";71;29;"";20;"2020-02-04 15:26:25";"2020-02-04 15:26:25";"";"";""
51;"";85;36;"";20;"2020-03-12 08:11:38";"2020-03-12 08:11:38";"";"";""
52;"";57;11;"";9;"2020-04-20 06:52:30";"2020-04-20 06:52:30";"";"";""
53;"";81;68;"";8;"2020-05-22 08:49:43";"2020-05-22 08:49:43";"";"";""
54;"";158;75;"";20;"2020-02-18 05:01:22";"2020-02-18 05:01:22";"";"";""
55;"";36;28;"";4;"2020-04-10 06:10:00";"2020-04-10 06:10:00";"";"";""
56;"";81;68;"";7;"2020-01-02 11:33:25";"2020-01-02 11:33:25";"";"";""
57;"";86;79;"";13;"2020-03-05 17:43:19";"2020-03-05 17:43:19";"";"";""
58;"";69;55;"";13;"2020-03-18 23:38:51";"2020-03-18 23:38:51";"";"";""
59;"";14;33;"";12;"2020-01-04 21:46:57";"2020-01-04 21:46:57";"";"";""
60;"";46;60;"";19;"2020-01-14 04:31:57";"2020-01-14 04:31:57";"";"";""
61;"";136;41;"";16;"2020-02-07 19:13:07";"2020-02-07 19:13:07";"";"";""
62;"";53;42;"";10;"2020-01-31 19:29:15";"2020-01-31 19:29:15";"";"";""
63;"";75;8;"";18;"2020-06-01 21:30:33";"2020-06-01 21:30:33";"";"";""
64;"";91;69;"";11;"2020-02-12 16:14:15";"2020-02-12 16:14:15";"";"";""
65;"";30;66;"";5;"2020-03-30 18:38:04";"2020-03-30 18:38:04";"";"";""
66;"";107;38;"";2;"2020-04-29 00:39:15";"2020-04-29 00:39:15";"";"";""
67;"";64;16;"";17;"2020-06-02 20:29:06";"2020-06-02 20:29:06";"";"";""
68;"";116;25;"";3;"2020-05-30 22:36:15";"2020-05-30 22:36:15";"";"";""
69;"";135;12;"";14;"2020-05-12 05:25:55";"2020-05-12 05:25:55";"";"";""
70;"";132;46;"";9;"2020-05-28 12:17:23";"2020-05-28 12:17:23";"";"";""
71;"";106;30;"";8;"2020-01-31 05:57:25";"2020-01-31 05:57:25";"";"";""
72;"";53;51;"";3;"2020-03-29 08:32:14";"2020-03-29 08:32:14";"";"";""
73;"";13;8;"";18;"2020-05-08 15:02:17";"2020-05-08 15:02:17";"";"";""
74;"";163;24;"";16;"2020-03-26 21:55:22";"2020-03-26 21:55:22";"";"";""
75;"";35;28;"";13;"2020-04-08 20:07:54";"2020-04-08 20:07:54";"";"";""
76;"";123;18;"";11;"2020-03-23 01:04:14";"2020-03-23 01:04:14";"";"";""
77;"";70;41;"";20;"2020-04-19 06:10:53";"2020-04-19 06:10:53";"";"";""
78;"";165;55;"";11;"2020-04-05 20:07:59";"2020-04-05 20:07:59";"";"";""
79;"";4;57;"";13;"2020-03-16 19:50:50";"2020-03-16 19:50:50";"";"";""
80;"";106;78;"";9;"2020-04-30 02:29:06";"2020-04-30 02:29:06";"";"";""
81;"";110;49;"";1;"2020-02-10 19:30:10";"2020-02-10 19:30:10";"";"";""
82;"";83;29;"";4;"2020-04-24 20:02:32";"2020-04-24 20:02:32";"";"";""
83;"";66;79;"";12;"2020-02-04 02:23:44";"2020-02-04 02:23:44";"";"";""
84;"";35;78;"";4;"2020-03-06 05:15:48";"2020-03-06 05:15:48";"";"";""
85;"";147;30;"";7;"2020-05-27 20:24:02";"2020-05-27 20:24:02";"";"";""
86;"";79;17;"";20;"2020-04-28 09:27:05";"2020-04-28 09:27:05";"";"";""
87;"";28;12;"";18;"2020-03-22 11:24:04";"2020-03-22 11:24:04";"";"";""
88;"";111;58;"";10;"2020-03-14 12:13:56";"2020-03-14 12:13:56";"";"";""
89;"";77;40;"";16;"2020-01-07 17:09:31";"2020-01-07 17:09:31";"";"";""
90;"";141;2;"";15;"2020-01-07 10:44:58";"2020-01-07 10:44:58";"";"";""
91;"";92;23;"";8;"2020-03-30 13:48:55";"2020-03-30 13:48:55";"";"";""
92;"";167;49;"";5;"2020-02-04 19:09:06";"2020-02-04 19:09:06";"";"";""
93;"";123;50;"";14;"2020-04-09 09:43:54";"2020-04-09 09:43:54";"";"";""
94;"";48;30;"";17;"2020-02-18 02:53:35";"2020-02-18 02:53:35";"";"";""
95;"";133;43;"";5;"2020-03-17 21:10:59";"2020-03-17 21:10:59";"";"";""
96;"";118;60;"";7;"2020-03-02 11:02:57";"2020-03-02 11:02:57";"";"";""
97;"";24;52;"";6;"2020-04-16 02:37:28";"2020-04-16 02:37:28";"";"";""
98;"";5;27;"";2;"2020-01-26 18:37:11";"2020-01-26 18:37:11";"";"";""
99;"";60;73;"";5;"2020-04-30 19:52:03";"2020-04-30 19:52:03";"";"";""
100;"";139;58;"";8;"2020-02-07 23:04:50";"2020-02-07 23:04:50";"";"";""
101;"";64;40;"";14;"2020-05-12 16:56:24";"2020-05-12 16:56:24";"";"";""
102;"";34;17;"";16;"2020-05-08 09:51:30";"2020-05-08 09:51:30";"";"";""
103;"";45;25;"";12;"2020-01-31 06:07:18";"2020-01-31 06:07:18";"";"";""
104;"";2;77;"";4;"2020-03-09 03:27:11";"2020-03-09 03:27:11";"";"";""
105;"";148;77;"";19;"2020-05-22 19:20:29";"2020-05-22 19:20:29";"";"";""
106;"";158;20;"";20;"2020-01-04 15:14:30";"2020-01-04 15:14:30";"";"";""
107;"";137;5;"";15;"2020-04-17 19:08:31";"2020-04-17 19:08:31";"";"";""
108;"";134;22;"";1;"2020-01-26 21:20:40";"2020-01-26 21:20:40";"";"";""
109;"";115;3;"";13;"2020-02-26 20:18:31";"2020-02-26 20:18:31";"";"";""
110;"";55;28;"";8;"2020-02-02 07:22:21";"2020-02-02 07:22:21";"";"";""
111;"";117;60;"";14;"2020-04-15 19:23:39";"2020-04-15 19:23:39";"";"";""
112;"";15;71;"";8;"2020-04-01 23:46:46";"2020-04-01 23:46:46";"";"";""
113;"";146;19;"";16;"2020-04-23 20:31:50";"2020-04-23 20:31:50";"";"";""
114;"";60;37;"";6;"2020-01-19 04:12:42";"2020-01-19 04:12:42";"";"";""
115;"";166;41;"";6;"2020-01-20 16:14:26";"2020-01-20 16:14:26";"";"";""
116;"";144;3;"";14;"2020-04-06 18:34:00";"2020-04-06 18:34:00";"";"";""
117;"";60;26;"";6;"2020-01-26 23:50:18";"2020-01-26 23:50:18";"";"";""
118;"";127;5;"";14;"2020-01-22 22:45:08";"2020-01-22 22:45:08";"";"";""
119;"";61;27;"";3;"2020-02-27 20:55:04";"2020-02-27 20:55:04";"";"";""
120;"";105;29;"";15;"2020-03-12 11:45:57";"2020-03-12 11:45:57";"";"";""
121;"";104;14;"";15;"2020-05-20 02:46:57";"2020-05-20 02:46:57";"";"";""
122;"";128;14;"";10;"2020-04-12 21:53:31";"2020-04-12 21:53:31";"";"";""
123;"";32;40;"";14;"2020-01-20 12:04:29";"2020-01-20 12:04:29";"";"";""
124;"";127;34;"";17;"2020-01-06 03:59:21";"2020-01-06 03:59:21";"";"";""
125;"";97;27;"";9;"2020-02-06 12:24:57";"2020-02-06 12:24:57";"";"";""
126;"";89;13;"";2;"2020-03-23 15:02:45";"2020-03-23 15:02:45";"";"";""
127;"";17;42;"";3;"2020-01-28 16:42:20";"2020-01-28 16:42:20";"";"";""
128;"";118;56;"";8;"2020-01-21 16:26:44";"2020-01-21 16:26:44";"";"";""
129;"";126;50;"";7;"2020-03-29 12:56:09";"2020-03-29 12:56:09";"";"";""
130;"";57;59;"";8;"2020-01-16 12:32:52";"2020-01-16 12:32:52";"";"";""
131;"";115;5;"";4;"2020-01-20 16:30:33";"2020-01-20 16:30:33";"";"";""
132;"";36;12;"";4;"2020-01-21 15:23:42";"2020-01-21 15:23:42";"";"";""
133;"";65;40;"";17;"2020-04-14 11:19:52";"2020-04-14 11:19:52";"";"";""
134;"";91;54;"";14;"2020-05-11 21:57:10";"2020-05-11 21:57:10";"";"";""
135;"";10;71;"";9;"2020-01-13 20:07:26";"2020-01-13 20:07:26";"";"";""
136;"";136;15;"";16;"2020-01-14 16:13:15";"2020-01-14 16:13:15";"";"";""
137;"";134;75;"";1;"2020-05-14 18:38:54";"2020-05-14 18:38:54";"";"";""
138;"";56;14;"";16;"2020-01-10 00:54:47";"2020-01-10 00:54:47";"";"";""
139;"";55;70;"";8;"2020-04-19 12:36:18";"2020-04-19 12:36:18";"";"";""
140;"";9;3;"";14;"2020-05-02 12:58:56";"2020-05-02 12:58:56";"";"";""
141;"";126;19;"";7;"2020-03-28 19:35:38";"2020-03-28 19:35:38";"";"";""
142;"";97;51;"";9;"2020-05-03 11:49:36";"2020-05-03 11:49:36";"";"";""
143;"";4;57;"";18;"2020-03-20 04:45:05";"2020-03-20 04:45:05";"";"";""
144;"";155;9;"";12;"2020-03-28 18:36:15";"2020-03-28 18:36:15";"";"";""
145;"";56;67;"";2;"2020-01-10 10:50:39";"2020-01-10 10:50:39";"";"";""
146;"";34;40;"";12;"2020-04-03 16:27:22";"2020-04-03 16:27:22";"";"";""
147;"";59;22;"";18;"2020-01-17 02:08:30";"2020-01-17 02:08:30";"";"";""
148;"";13;71;"";18;"2020-03-08 17:22:58";"2020-03-08 17:22:58";"";"";""
149;"";87;57;"";13;"2020-04-10 13:33:16";"2020-04-10 13:33:16";"";"";""
150;"";87;75;"";13;"2020-02-24 19:30:23";"2020-02-24 19:30:23";"";"";""
151;"";52;77;"";16;"2020-05-28 11:12:26";"2020-05-28 11:12:26";"";"";""
152;"";165;38;"";11;"2020-01-03 11:33:07";"2020-01-03 11:33:07";"";"";""
153;"";150;30;"";20;"2020-04-18 22:45:00";"2020-04-18 22:45:00";"";"";""
154;"";57;75;"";7;"2020-03-14 03:21:06";"2020-03-14 03:21:06";"";"";""
155;"";49;37;"";4;"2020-02-20 15:28:18";"2020-02-20 15:28:18";"";"";""
156;"";152;75;"";15;"2020-01-26 05:43:00";"2020-01-26 05:43:00";"";"";""
157;"";11;58;"";13;"2020-01-20 23:49:42";"2020-01-20 23:49:42";"";"";""
158;"";100;26;"";20;"2020-03-19 01:12:22";"2020-03-19 01:12:22";"";"";""
159;"";147;17;"";8;"2020-05-17 05:39:14";"2020-05-17 05:39:14";"";"";""
160;"";147;6;"";7;"2020-04-17 03:15:02";"2020-04-17 03:15:02";"";"";""
161;"";135;54;"";14;"2020-04-19 14:46:02";"2020-04-19 14:46:02";"";"";""
162;"";120;42;"";20;"2020-05-25 06:11:52";"2020-05-25 06:11:52";"";"";""
163;"";124;47;"";20;"2020-04-03 20:26:22";"2020-04-03 20:26:22";"";"";""
164;"";137;41;"";15;"2020-02-10 19:41:33";"2020-02-10 19:41:33";"";"";""
165;"";58;55;"";16;"2020-05-16 04:31:16";"2020-05-16 04:31:16";"";"";""
166;"";5;65;"";16;"2020-04-08 01:57:50";"2020-04-08 01:57:50";"";"";""
167;"";5;58;"";16;"2020-05-14 05:03:46";"2020-05-14 05:03:46";"";"";""
168;"";164;46;"";20;"2020-03-09 01:47:00";"2020-03-09 01:47:00";"";"";""
169;"";158;52;"";20;"2020-02-11 13:08:41";"2020-02-11 13:08:41";"";"";""
170;"";105;35;"";3;"2020-02-21 09:36:33";"2020-02-21 09:36:33";"";"";""
171;"";31;59;"";20;"2020-04-03 07:54:50";"2020-04-03 07:54:50";"";"";""
172;"";155;70;"";12;"2020-04-02 03:33:36";"2020-04-02 03:33:36";"";"";""
173;"";134;76;"";1;"2020-01-01 00:50:22";"2020-01-01 00:50:22";"";"";""
174;"";140;55;"";15;"2020-04-19 18:20:27";"2020-04-19 18:20:27";"";"";""
175;"";41;76;"";14;"2020-05-22 14:45:22";"2020-05-22 14:45:22";"";"";""
176;"";68;13;"";8;"2020-03-13 23:34:45";"2020-03-13 23:34:45";"";"";""
177;"";120;50;"";20;"2020-02-26 01:10:33";"2020-02-26 01:10:33";"";"";""
178;"";52;17;"";12;"2020-04-16 01:01:27";"2020-04-16 01:01:27";"";"";""
179;"";139;72;"";9;"2020-02-11 03:30:30";"2020-02-11 03:30:30";"";"";""
180;"";32;41;"";14;"2020-01-31 00:26:49";"2020-01-31 00:26:49";"";"";""
181;"";26;50;"";8;"2020-01-30 23:22:48";"2020-01-30 23:22:48";"";"";""
182;"";46;28;"";15;"2020-01-03 00:17:15";"2020-01-03 00:17:15";"";"";""
183;"";43;57;"";7;"2020-05-14 21:34:42";"2020-05-14 21:34:42";"";"";""
184;"";7;17;"";6;"2020-05-30 06:53:09";"2020-05-30 06:53:09";"";"";""
185;"";80;1;"";7;"2020-02-10 19:02:51";"2020-02-10 19:02:51";"";"";""
186;"";53;16;"";10;"2020-01-09 18:50:45";"2020-01-09 18:50:45";"";"";""
187;"";131;38;"";16;"2020-05-19 19:30:01";"2020-05-19 19:30:01";"";"";""
188;"";2;19;"";13;"2020-05-08 15:59:48";"2020-05-08 15:59:48";"";"";""
189;"";105;32;"";3;"2020-04-15 13:32:52";"2020-04-15 13:32:52";"";"";""
190;"";4;33;"";4;"2020-03-20 21:29:06";"2020-03-20 21:29:06";"";"";""
191;"";21;36;"";8;"2020-01-21 23:16:58";"2020-01-21 23:16:58";"";"";""
192;"";81;4;"";8;"2020-03-15 04:55:24";"2020-03-15 04:55:24";"";"";""
193;"";105;33;"";3;"2020-03-27 10:49:26";"2020-03-27 10:49:26";"";"";""
194;"";23;59;"";7;"2020-01-23 19:28:59";"2020-01-23 19:28:59";"";"";""
195;"";58;71;"";12;"2020-01-13 19:55:42";"2020-01-13 19:55:42";"";"";""
196;"";92;39;"";9;"2020-04-08 08:27:47";"2020-04-08 08:27:47";"";"";""
197;"";5;19;"";12;"2020-05-06 03:17:55";"2020-05-06 03:17:55";"";"";""
198;"";95;52;"";2;"2020-03-10 00:21:25";"2020-03-10 00:21:25";"";"";""
199;"";39;56;"";20;"2020-01-24 15:19:18";"2020-01-24 15:19:18";"";"";""
200;"";88;37;"";14;"2020-02-23 09:10:46";"2020-02-23 09:10:46";"";"";""
201;"";149;63;"";14;"2020-05-21 23:55:15";"2020-05-21 23:55:15";"";"";""
202;"";53;52;"";15;"2020-03-03 03:33:17";"2020-03-03 03:33:17";"";"";""
203;"";167;43;"";6;"2020-04-20 17:23:44";"2020-04-20 17:23:44";"";"";""
204;"";70;19;"";20;"2020-01-06 22:12:54";"2020-01-06 22:12:54";"";"";""
205;"";47;25;"";20;"2020-01-09 13:41:02";"2020-01-09 13:41:02";"";"";""
206;"";153;14;"";1;"2020-04-02 09:32:26";"2020-04-02 09:32:26";"";"";""
207;"";17;52;"";19;"2020-01-11 23:51:37";"2020-01-11 23:51:37";"";"";""
208;"";107;35;"";2;"2020-01-27 01:16:34";"2020-01-27 01:16:34";"";"";""
209;"";103;19;"";20;"2020-01-09 12:40:26";"2020-01-09 12:40:26";"";"";""
210;"";80;43;"";7;"2020-01-25 00:49:44";"2020-01-25 00:49:44";"";"";""
211;"";69;50;"";4;"2020-03-19 21:07:49";"2020-03-19 21:07:49";"";"";""
212;"";115;70;"";18;"2020-05-17 03:26:51";"2020-05-17 03:26:51";"";"";""
213;"";24;79;"";5;"2020-05-05 19:23:56";"2020-05-05 19:23:56";"";"";""
214;"";94;31;"";7;"2020-01-30 01:56:12";"2020-01-30 01:56:12";"";"";""
215;"";22;36;"";1;"2020-01-05 18:52:40";"2020-01-05 18:52:40";"";"";""
216;"";98;54;"";17;"2020-05-03 21:21:36";"2020-05-03 21:21:36";"";"";""
217;"";97;35;"";7;"2020-04-19 08:47:55";"2020-04-19 08:47:55";"";"";""
218;"";107;72;"";16;"2020-05-04 14:43:40";"2020-05-04 14:43:40";"";"";""
219;"";31;45;"";20;"2020-02-19 18:53:32";"2020-02-19 18:53:32";"";"";""
220;"";61;67;"";3;"2020-04-28 18:58:45";"2020-04-28 18:58:45";"";"";""
221;"";12;78;"";2;"2020-04-02 06:14:52";"2020-04-02 06:14:52";"";"";""
222;"";134;32;"";5;"2020-01-12 20:31:49";"2020-01-12 20:31:49";"";"";""
223;"";89;6;"";16;"2020-05-20 14:23:14";"2020-05-20 14:23:14";"";"";""
224;"";93;28;"";13;"2020-03-10 19:44:58";"2020-03-10 19:44:58";"";"";""
225;"";25;62;"";4;"2020-02-14 16:12:07";"2020-02-14 16:12:07";"";"";""
226;"";107;29;"";16;"2020-05-29 04:35:14";"2020-05-29 04:35:14";"";"";""
227;"";95;66;"";2;"2020-01-16 21:04:21";"2020-01-16 21:04:21";"";"";""
228;"";164;45;"";20;"2020-02-02 18:28:40";"2020-02-02 18:28:40";"";"";""
229;"";82;2;"";6;"2020-01-11 05:55:52";"2020-01-11 05:55:52";"";"";""
230;"";5;1;"";12;"2020-03-15 05:55:53";"2020-03-15 05:55:53";"";"";""
231;"";83;3;"";4;"2020-05-01 11:38:18";"2020-05-01 11:38:18";"";"";""
232;"";109;62;"";14;"2020-05-25 10:01:14";"2020-05-25 10:01:14";"";"";""
233;"";128;36;"";3;"2020-01-03 01:48:05";"2020-01-03 01:48:05";"";"";""
234;"";16;21;"";19;"2020-01-21 09:46:34";"2020-01-21 09:46:34";"";"";""
235;"";38;62;"";10;"2020-02-20 04:14:53";"2020-02-20 04:14:53";"";"";""
236;"";63;18;"";12;"2020-05-02 09:07:28";"2020-05-02 09:07:28";"";"";""
237;"";103;57;"";20;"2020-01-06 15:13:29";"2020-01-06 15:13:29";"";"";""
238;"";78;64;"";20;"2020-05-15 03:14:16";"2020-05-15 03:14:16";"";"";""
239;"";27;54;"";13;"2020-01-21 22:29:38";"2020-01-21 22:29:38";"";"";""
240;"";106;49;"";7;"2020-05-06 16:36:47";"2020-05-06 16:36:47";"";"";""
241;"";22;9;"";1;"2020-05-21 01:07:48";"2020-05-21 01:07:48";"";"";""
242;"";116;55;"";19;"2020-01-26 21:48:42";"2020-01-26 21:48:42";"";"";""
243;"";29;32;"";4;"2020-02-09 01:17:40";"2020-02-09 01:17:40";"";"";""
244;"";152;29;"";10;"2020-01-10 23:06:22";"2020-01-10 23:06:22";"";"";""
245;"";11;71;"";13;"2020-05-05 15:47:25";"2020-05-05 15:47:25";"";"";""
246;"";82;3;"";6;"2020-03-17 04:29:29";"2020-03-17 04:29:29";"";"";""
247;"";142;2;"";1;"2020-02-24 07:24:58";"2020-02-24 07:24:58";"";"";""
248;"";22;68;"";6;"2020-05-15 17:25:32";"2020-05-15 17:25:32";"";"";""
249;"";67;24;"";17;"2020-05-14 05:14:32";"2020-05-14 05:14:32";"";"";""
250;"";130;2;"";8;"2020-05-15 11:44:29";"2020-05-15 11:44:29";"";"";""
251;"";56;34;"";2;"2020-02-13 17:58:15";"2020-02-13 17:58:15";"";"";""
252;"";139;64;"";9;"2020-04-26 10:09:18";"2020-04-26 10:09:18";"";"";""
253;"";107;55;"";12;"2020-05-11 16:26:44";"2020-05-11 16:26:44";"";"";""
254;"";111;32;"";19;"2020-05-18 14:32:08";"2020-05-18 14:32:08";"";"";""
255;"";147;5;"";7;"2020-01-25 17:37:43";"2020-01-25 17:37:43";"";"";""
256;"";52;28;"";12;"2020-05-13 16:48:39";"2020-05-13 16:48:39";"";"";""
257;"";54;29;"";1;"2020-04-13 19:23:21";"2020-04-13 19:23:21";"";"";""
258;"";108;4;"";3;"2020-01-26 17:08:04";"2020-01-26 17:08:04";"";"";""
259;"";52;39;"";2;"2020-04-01 14:34:24";"2020-04-01 14:34:24";"";"";""
260;"";137;70;"";15;"2020-05-20 09:08:11";"2020-05-20 09:08:11";"";"";""
261;"";11;16;"";13;"2020-05-30 19:24:30";"2020-05-30 19:24:30";"";"";""
262;"";72;42;"";2;"2020-04-05 15:50:16";"2020-04-05 15:50:16";"";"";""
263;"";120;62;"";20;"2020-01-04 18:37:13";"2020-01-04 18:37:13";"";"";""
264;"";147;6;"";9;"2020-01-13 17:24:31";"2020-01-13 17:24:31";"";"";""
265;"";93;7;"";18;"2020-05-05 13:23:02";"2020-05-05 13:23:02";"";"";""
266;"";123;6;"";14;"2020-04-03 21:07:47";"2020-04-03 21:07:47";"";"";""
267;"";56;21;"";16;"2020-05-27 23:27:37";"2020-05-27 23:27:37";"";"";""
268;"";44;24;"";7;"2020-05-29 15:45:38";"2020-05-29 15:45:38";"";"";""
269;"";2;33;"";18;"2020-03-28 18:34:18";"2020-03-28 18:34:18";"";"";""
270;"";98;60;"";17;"2020-01-07 03:02:52";"2020-01-07 03:02:52";"";"";""
271;"";159;59;"";7;"2020-03-01 10:22:27";"2020-03-01 10:22:27";"";"";""
272;"";148;56;"";19;"2020-03-18 08:11:12";"2020-03-18 08:11:12";"";"";""
273;"";47;46;"";20;"2020-04-05 17:24:39";"2020-04-05 17:24:39";"";"";""
274;"";41;47;"";17;"2020-02-16 13:08:18";"2020-02-16 13:08:18";"";"";""
275;"";32;62;"";14;"2020-03-03 08:28:39";"2020-03-03 08:28:39";"";"";""
276;"";161;61;"";16;"2020-01-18 02:35:09";"2020-01-18 02:35:09";"";"";""
277;"";7;41;"";5;"2020-01-30 10:57:52";"2020-01-30 10:57:52";"";"";""
278;"";116;39;"";3;"2020-05-31 20:40:37";"2020-05-31 20:40:37";"";"";""
279;"";80;42;"";7;"2020-01-12 22:15:51";"2020-01-12 22:15:51";"";"";""
280;"";128;1;"";3;"2020-02-12 19:09:22";"2020-02-12 19:09:22";"";"";""
281;"";4;56;"";13;"2020-02-01 15:10:43";"2020-02-01 15:10:43";"";"";""
282;"";81;48;"";9;"2020-04-29 13:17:06";"2020-04-29 13:17:06";"";"";""
283;"";133;42;"";5;"2020-02-12 00:03:30";"2020-02-12 00:03:30";"";"";""
284;"";78;46;"";20;"2020-04-09 12:14:38";"2020-04-09 12:14:38";"";"";""
285;"";149;50;"";14;"2020-03-24 14:43:08";"2020-03-24 14:43:08";"";"";""
286;"";76;23;"";12;"2020-03-10 02:10:15";"2020-03-10 02:10:15";"";"";""
287;"";134;39;"";1;"2020-05-15 16:50:34";"2020-05-15 16:50:34";"";"";""
288;"";28;67;"";18;"2020-01-23 00:35:45";"2020-01-23 00:35:45";"";"";""
289;"";32;26;"";11;"2020-05-27 15:49:52";"2020-05-27 15:49:52";"";"";""
290;"";91;5;"";17;"2020-05-15 01:24:11";"2020-05-15 01:24:11";"";"";""
291;"";106;58;"";7;"2020-03-25 11:19:15";"2020-03-25 11:19:15";"";"";""
292;"";23;69;"";7;"2020-02-16 13:23:27";"2020-02-16 13:23:27";"";"";""
293;"";31;38;"";20;"2020-04-22 18:16:03";"2020-04-22 18:16:03";"";"";""
294;"";167;51;"";1;"2020-04-03 21:43:54";"2020-04-03 21:43:54";"";"";""
295;"";3;28;"";19;"2020-02-27 21:50:04";"2020-02-27 21:50:04";"";"";""
296;"";21;63;"";7;"2020-04-01 20:59:12";"2020-04-01 20:59:12";"";"";""
297;"";81;27;"";7;"2020-01-17 08:26:20";"2020-01-17 08:26:20";"";"";""
298;"";100;42;"";20;"2020-04-14 16:24:29";"2020-04-14 16:24:29";"";"";""
299;"";100;1;"";20;"2020-01-05 14:49:13";"2020-01-05 14:49:13";"";"";""
300;"";10;4;"";9;"2020-01-11 00:44:10";"2020-01-11 00:44:10";"";"";""
301;"";38;5;"";19;"2020-03-04 10:10:16";"2020-03-04 10:10:16";"";"";""
302;"";76;56;"";16;"2020-03-25 01:11:44";"2020-03-25 01:11:44";"";"";""
303;"";167;60;"";6;"2020-05-01 10:02:26";"2020-05-01 10:02:26";"";"";""
304;"";5;43;"";12;"2020-03-15 16:47:33";"2020-03-15 16:47:33";"";"";""
305;"";23;47;"";7;"2020-01-11 08:12:49";"2020-01-11 08:12:49";"";"";""
306;"";7;77;"";1;"2020-02-05 01:16:29";"2020-02-05 01:16:29";"";"";""
307;"";135;74;"";17;"2020-01-10 17:01:08";"2020-01-10 17:01:08";"";"";""
308;"";77;11;"";12;"2020-01-29 14:55:10";"2020-01-29 14:55:10";"";"";""
309;"";98;42;"";11;"2020-04-18 08:28:19";"2020-04-18 08:28:19";"";"";""
310;"";78;79;"";20;"2020-01-24 11:56:25";"2020-01-24 11:56:25";"";"";""
311;"";28;6;"";4;"2020-03-24 18:18:56";"2020-03-24 18:18:56";"";"";""
312;"";167;24;"";6;"2020-04-02 11:30:26";"2020-04-02 11:30:26";"";"";""
313;"";124;73;"";20;"2020-05-23 06:59:19";"2020-05-23 06:59:19";"";"";""
314;"";15;31;"";8;"2020-04-22 05:46:33";"2020-04-22 05:46:33";"";"";""
315;"";85;24;"";20;"2020-04-19 07:15:52";"2020-04-19 07:15:52";"";"";""
316;"";95;38;"";16;"2020-03-02 06:01:28";"2020-03-02 06:01:28";"";"";""
317;"";133;48;"";1;"2020-05-09 03:58:17";"2020-05-09 03:58:17";"";"";""
318;"";100;48;"";20;"2020-02-16 22:44:26";"2020-02-16 22:44:26";"";"";""
319;"";77;68;"";16;"2020-05-10 04:18:50";"2020-05-10 04:18:50";"";"";""
320;"";137;57;"";10;"2020-04-06 18:02:49";"2020-04-06 18:02:49";"";"";""
321;"";85;78;"";20;"2020-03-23 13:37:31";"2020-03-23 13:37:31";"";"";""
322;"";63;1;"";2;"2020-01-01 06:00:55";"2020-01-01 06:00:55";"";"";""
323;"";3;17;"";10;"2020-01-10 05:01:57";"2020-01-10 05:01:57";"";"";""
324;"";163;26;"";12;"2020-02-24 22:12:30";"2020-02-24 22:12:30";"";"";""
325;"";84;23;"";16;"2020-01-01 13:08:42";"2020-01-01 13:08:42";"";"";""
326;"";127;24;"";14;"2020-03-10 03:58:34";"2020-03-10 03:58:34";"";"";""
327;"";82;43;"";5;"2020-05-13 15:30:29";"2020-05-13 15:30:29";"";"";""
328;"";26;65;"";8;"2020-01-26 20:06:48";"2020-01-26 20:06:48";"";"";""
329;"";133;55;"";6;"2020-03-02 18:52:09";"2020-03-02 18:52:09";"";"";""
330;"";67;19;"";14;"2020-01-10 08:19:56";"2020-01-10 08:19:56";"";"";""
331;"";127;6;"";14;"2020-03-30 09:44:34";"2020-03-30 09:44:34";"";"";""
332;"";57;52;"";8;"2020-02-24 20:17:19";"2020-02-24 20:17:19";"";"";""
333;"";167;58;"";6;"2020-01-05 15:02:03";"2020-01-05 15:02:03";"";"";""
334;"";126;57;"";9;"2020-02-11 01:49:11";"2020-02-11 01:49:11";"";"";""
335;"";76;75;"";12;"2020-05-14 03:42:18";"2020-05-14 03:42:18";"";"";""
336;"";158;1;"";20;"2020-05-11 16:06:52";"2020-05-11 16:06:52";"";"";""
337;"";71;76;"";20;"2020-01-18 11:08:32";"2020-01-18 11:08:32";"";"";""
338;"";100;43;"";20;"2020-01-08 01:20:19";"2020-01-08 01:20:19";"";"";""
339;"";134;13;"";5;"2020-02-05 02:18:20";"2020-02-05 02:18:20";"";"";""
340;"";132;79;"";8;"2020-01-30 15:32:25";"2020-01-30 15:32:25";"";"";""
341;"";77;50;"";12;"2020-02-10 02:19:01";"2020-02-10 02:19:01";"";"";""
342;"";121;46;"";2;"2020-03-13 08:30:13";"2020-03-13 08:30:13";"";"";""
343;"";91;53;"";14;"2020-02-10 16:23:27";"2020-02-10 16:23:27";"";"";""
344;"";130;66;"";7;"2020-03-11 22:40:36";"2020-03-11 22:40:36";"";"";""
345;"";78;10;"";20;"2020-05-04 18:12:18";"2020-05-04 18:12:18";"";"";""
346;"";53;4;"";10;"2020-01-14 23:32:18";"2020-01-14 23:32:18";"";"";""
347;"";38;8;"";15;"2020-04-21 13:36:57";"2020-04-21 13:36:57";"";"";""
348;"";6;73;"";6;"2020-04-05 23:02:05";"2020-04-05 23:02:05";"";"";""
349;"";37;79;"";20;"2020-03-04 01:18:02";"2020-03-04 01:18:02";"";"";""
350;"";165;64;"";17;"2020-02-24 05:10:51";"2020-02-24 05:10:51";"";"";""
351;"";157;15;"";3;"2020-04-22 10:55:11";"2020-04-22 10:55:11";"";"";""
352;"";15;77;"";7;"2020-02-06 00:46:35";"2020-02-06 00:46:35";"";"";""
353;"";114;65;"";8;"2020-02-06 16:22:02";"2020-02-06 16:22:02";"";"";""
354;"";97;31;"";8;"2020-04-10 12:30:43";"2020-04-10 12:30:43";"";"";""
355;"";162;28;"";20;"2020-04-30 05:50:18";"2020-04-30 05:50:18";"";"";""
356;"";31;14;"";20;"2020-03-12 16:48:06";"2020-03-12 16:48:06";"";"";""
357;"";75;39;"";18;"2020-02-23 03:24:05";"2020-02-23 03:24:05";"";"";""
358;"";37;72;"";20;"2020-05-03 04:32:01";"2020-05-03 04:32:01";"";"";""
359;"";42;38;"";19;"2020-05-19 11:04:50";"2020-05-19 11:04:50";"";"";""
360;"";131;16;"";2;"2020-03-20 16:14:27";"2020-03-20 16:14:27";"";"";""
361;"";138;67;"";12;"2020-01-05 09:27:49";"2020-01-05 09:27:49";"";"";""
362;"";54;13;"";1;"2020-03-05 14:08:14";"2020-03-05 14:08:14";"";"";""
363;"";165;26;"";14;"2020-03-23 09:01:00";"2020-03-23 09:01:00";"";"";""
364;"";88;79;"";14;"2020-05-05 11:16:04";"2020-05-05 11:16:04";"";"";""
365;"";9;16;"";17;"2020-01-07 13:48:52";"2020-01-07 13:48:52";"";"";""
366;"";102;78;"";19;"2020-02-06 20:50:31";"2020-02-06 20:50:31";"";"";""
367;"";114;63;"";9;"2020-04-04 01:39:43";"2020-04-04 01:39:43";"";"";""
368;"";66;51;"";16;"2020-01-04 14:18:20";"2020-01-04 14:18:20";"";"";""
369;"";52;2;"";12;"2020-03-27 21:45:44";"2020-03-27 21:45:44";"";"";""
370;"";76;56;"";12;"2020-02-04 12:24:23";"2020-02-04 12:24:23";"";"";""
371;"";157;29;"";15;"2020-04-11 22:00:29";"2020-04-11 22:00:29";"";"";""
372;"";87;34;"";4;"2020-02-11 08:03:35";"2020-02-11 08:03:35";"";"";""
373;"";17;53;"";15;"2020-04-01 00:44:56";"2020-04-01 00:44:56";"";"";""
374;"";54;71;"";5;"2020-02-20 15:20:45";"2020-02-20 15:20:45";"";"";""
375;"";18;13;"";9;"2020-03-03 18:33:11";"2020-03-03 18:33:11";"";"";""
376;"";147;10;"";9;"2020-04-06 15:12:20";"2020-04-06 15:12:20";"";"";""
377;"";47;24;"";20;"2020-04-17 19:37:10";"2020-04-17 19:37:10";"";"";""
378;"";4;39;"";13;"2020-04-21 01:30:07";"2020-04-21 01:30:07";"";"";""
379;"";51;10;"";4;"2020-02-20 12:23:40";"2020-02-20 12:23:40";"";"";""
380;"";51;60;"";13;"2020-02-15 03:49:46";"2020-02-15 03:49:46";"";"";""
381;"";117;47;"";17;"2020-02-18 11:04:25";"2020-02-18 11:04:25";"";"";""
382;"";159;14;"";7;"2020-02-20 11:02:16";"2020-02-20 11:02:16";"";"";""
383;"";126;74;"";9;"2020-02-26 05:11:51";"2020-02-26 05:11:51";"";"";""
384;"";13;56;"";18;"2020-01-16 23:52:54";"2020-01-16 23:52:54";"";"";""
385;"";154;34;"";5;"2020-01-05 10:34:41";"2020-01-05 10:34:41";"";"";""
386;"";64;32;"";14;"2020-03-19 05:05:19";"2020-03-19 05:05:19";"";"";""
387;"";83;50;"";4;"2020-05-09 18:23:46";"2020-05-09 18:23:46";"";"";""
388;"";147;10;"";9;"2020-03-11 14:40:26";"2020-03-11 14:40:26";"";"";""
389;"";39;13;"";20;"2020-03-23 05:37:48";"2020-03-23 05:37:48";"";"";""
390;"";133;40;"";6;"2020-03-26 19:56:30";"2020-03-26 19:56:30";"";"";""
391;"";100;69;"";20;"2020-02-06 06:36:47";"2020-02-06 06:36:47";"";"";""
392;"";140;18;"";10;"2020-05-12 21:54:03";"2020-05-12 21:54:03";"";"";""
393;"";166;57;"";5;"2020-03-28 16:58:47";"2020-03-28 16:58:47";"";"";""
394;"";70;68;"";20;"2020-01-21 17:27:56";"2020-01-21 17:27:56";"";"";""
395;"";32;19;"";11;"2020-05-17 02:06:04";"2020-05-17 02:06:04";"";"";""
396;"";94;38;"";7;"2020-03-24 19:51:41";"2020-03-24 19:51:41";"";"";""
397;"";41;18;"";11;"2020-03-04 20:50:47";"2020-03-04 20:50:47";"";"";""
398;"";44;6;"";8;"2020-05-20 15:09:32";"2020-05-20 15:09:32";"";"";""
399;"";41;75;"";14;"2020-03-02 18:07:46";"2020-03-02 18:07:46";"";"";""
400;"";8;61;"";20;"2020-02-08 20:49:23";"2020-02-08 20:49:23";"";"";""
401;"";24;53;"";6;"2020-04-06 04:43:20";"2020-04-06 04:43:20";"";"";""
402;"";122;69;"";19;"2020-04-02 18:51:00";"2020-04-02 18:51:00";"";"";""
403;"";65;59;"";17;"2020-01-22 01:22:17";"2020-01-22 01:22:17";"";"";""
404;"";85;56;"";20;"2020-02-22 02:31:10";"2020-02-22 02:31:10";"";"";""
405;"";40;28;"";20;"2020-04-30 18:16:28";"2020-04-30 18:16:28";"";"";""
406;"";134;11;"";6;"2020-04-21 10:50:23";"2020-04-21 10:50:23";"";"";""
407;"";97;3;"";9;"2020-04-05 12:27:06";"2020-04-05 12:27:06";"";"";""
408;"";106;72;"";7;"2020-02-21 19:43:33";"2020-02-21 19:43:33";"";"";""
409;"";63;43;"";16;"2020-02-25 13:16:51";"2020-02-25 13:16:51";"";"";""
410;"";90;40;"";7;"2020-03-23 02:15:02";"2020-03-23 02:15:02";"";"";""
411;"";158;22;"";20;"2020-01-08 14:22:48";"2020-01-08 14:22:48";"";"";""
412;"";155;43;"";12;"2020-01-16 11:52:21";"2020-01-16 11:52:21";"";"";""
413;"";8;7;"";20;"2020-03-23 02:52:26";"2020-03-23 02:52:26";"";"";""
414;"";64;45;"";14;"2020-05-13 17:27:38";"2020-05-13 17:27:38";"";"";""
415;"";42;5;"";3;"2020-06-01 10:28:55";"2020-06-01 10:28:55";"";"";""
416;"";109;32;"";14;"2020-03-27 00:42:16";"2020-03-27 00:42:16";"";"";""
417;"";70;19;"";20;"2020-02-20 00:15:19";"2020-02-20 00:15:19";"";"";""
418;"";156;57;"";18;"2020-04-29 05:53:56";"2020-04-29 05:53:56";"";"";""
419;"";22;15;"";6;"2020-01-22 18:13:30";"2020-01-22 18:13:30";"";"";""
420;"";92;15;"";7;"2020-02-21 16:44:39";"2020-02-21 16:44:39";"";"";""
421;"";5;4;"";16;"2020-04-03 03:10:05";"2020-04-03 03:10:05";"";"";""
422;"";87;21;"";4;"2020-05-30 02:44:36";"2020-05-30 02:44:36";"";"";""
423;"";10;31;"";7;"2020-03-28 15:00:04";"2020-03-28 15:00:04";"";"";""
424;"";19;60;"";20;"2020-01-12 09:52:30";"2020-01-12 09:52:30";"";"";""
425;"";59;39;"";13;"2020-05-30 04:45:04";"2020-05-30 04:45:04";"";"";""
426;"";147;48;"";8;"2020-02-16 15:19:06";"2020-02-16 15:19:06";"";"";""
427;"";54;35;"";5;"2020-02-20 08:20:22";"2020-02-20 08:20:22";"";"";""
428;"";62;9;"";14;"2020-05-21 14:29:56";"2020-05-21 14:29:56";"";"";""
429;"";98;3;"";14;"2020-05-26 18:00:35";"2020-05-26 18:00:35";"";"";""
430;"";130;42;"";8;"2020-04-22 00:57:15";"2020-04-22 00:57:15";"";"";""
431;"";60;64;"";6;"2020-01-31 02:29:02";"2020-01-31 02:29:02";"";"";""
432;"";145;19;"";17;"2020-02-15 00:19:08";"2020-02-15 00:19:08";"";"";""
433;"";73;26;"";9;"2020-01-18 11:57:26";"2020-01-18 11:57:26";"";"";""
434;"";161;64;"";12;"2020-04-01 22:41:30";"2020-04-01 22:41:30";"";"";""
435;"";165;6;"";11;"2020-05-16 08:00:10";"2020-05-16 08:00:10";"";"";""
436;"";147;21;"";9;"2020-01-14 21:01:21";"2020-01-14 21:01:21";"";"";""
437;"";15;69;"";7;"2020-03-09 12:03:34";"2020-03-09 12:03:34";"";"";""
438;"";74;7;"";11;"2020-04-30 20:17:30";"2020-04-30 20:17:30";"";"";""
439;"";126;60;"";8;"2020-03-31 13:24:55";"2020-03-31 13:24:55";"";"";""
440;"";80;74;"";9;"2020-01-27 04:35:25";"2020-01-27 04:35:25";"";"";""
441;"";91;31;"";17;"2020-05-18 14:57:13";"2020-05-18 14:57:13";"";"";""
442;"";103;26;"";20;"2020-05-07 13:16:53";"2020-05-07 13:16:53";"";"";""
443;"";113;59;"";13;"2020-03-30 02:51:11";"2020-03-30 02:51:11";"";"";""
444;"";57;58;"";8;"2020-04-05 12:02:20";"2020-04-05 12:02:20";"";"";""
445;"";86;72;"";13;"2020-03-04 14:09:25";"2020-03-04 14:09:25";"";"";""
446;"";167;18;"";1;"2020-02-11 14:50:22";"2020-02-11 14:50:22";"";"";""
447;"";165;7;"";11;"2020-01-24 15:14:48";"2020-01-24 15:14:48";"";"";""
448;"";23;14;"";7;"2020-03-22 03:06:15";"2020-03-22 03:06:15";"";"";""
449;"";23;78;"";8;"2020-02-03 07:53:48";"2020-02-03 07:53:48";"";"";""
450;"";144;17;"";17;"2020-05-14 22:37:55";"2020-05-14 22:37:55";"";"";""
451;"";98;13;"";14;"2020-03-06 03:12:51";"2020-03-06 03:12:51";"";"";""
452;"";94;74;"";9;"2020-02-10 22:13:41";"2020-02-10 22:13:41";"";"";""
453;"";30;52;"";1;"2020-01-01 04:01:35";"2020-01-01 04:01:35";"";"";""
454;"";123;71;"";11;"2020-01-25 03:41:06";"2020-01-25 03:41:06";"";"";""
455;"";53;19;"";19;"2020-03-17 17:10:41";"2020-03-17 17:10:41";"";"";""
456;"";59;38;"";18;"2020-05-19 06:42:29";"2020-05-19 06:42:29";"";"";""
457;"";49;34;"";18;"2020-04-15 13:17:15";"2020-04-15 13:17:15";"";"";""
458;"";134;45;"";6;"2020-02-18 22:55:23";"2020-02-18 22:55:23";"";"";""
459;"";110;72;"";5;"2020-01-13 12:43:30";"2020-01-13 12:43:30";"";"";""
460;"";68;35;"";8;"2020-03-04 07:28:00";"2020-03-04 07:28:00";"";"";""
461;"";145;76;"";11;"2020-01-11 02:58:26";"2020-01-11 02:58:26";"";"";""
462;"";52;58;"";2;"2020-05-30 19:16:23";"2020-05-30 19:16:23";"";"";""
463;"";114;35;"";9;"2020-02-16 08:00:11";"2020-02-16 08:00:11";"";"";""
464;"";146;79;"";16;"2020-04-19 09:20:55";"2020-04-19 09:20:55";"";"";""
465;"";2;34;"";4;"2020-01-02 14:45:01";"2020-01-02 14:45:01";"";"";""
466;"";24;43;"";6;"2020-05-30 16:17:15";"2020-05-30 16:17:15";"";"";""
467;"";135;25;"";17;"2020-02-05 23:29:04";"2020-02-05 23:29:04";"";"";""
468;"";113;55;"";4;"2020-03-08 03:22:19";"2020-03-08 03:22:19";"";"";""
469;"";78;3;"";20;"2020-01-26 09:02:36";"2020-01-26 09:02:36";"";"";""
470;"";116;31;"";10;"2020-01-14 09:11:18";"2020-01-14 09:11:18";"";"";""
471;"";113;1;"";13;"2020-02-05 19:04:19";"2020-02-05 19:04:19";"";"";""
472;"";135;69;"";14;"2020-05-28 16:49:39";"2020-05-28 16:49:39";"";"";""
473;"";90;44;"";7;"2020-03-15 15:16:55";"2020-03-15 15:16:55";"";"";""
474;"";24;16;"";1;"2020-04-10 13:15:03";"2020-04-10 13:15:03";"";"";""
475;"";136;67;"";2;"2020-04-23 19:14:44";"2020-04-23 19:14:44";"";"";""
476;"";159;53;"";7;"2020-05-13 15:32:28";"2020-05-13 15:32:28";"";"";""
477;"";147;77;"";7;"2020-05-19 03:17:10";"2020-05-19 03:17:10";"";"";""
478;"";5;40;"";16;"2020-05-07 18:38:46";"2020-05-07 18:38:46";"";"";""
479;"";127;9;"";11;"2020-03-20 19:42:51";"2020-03-20 19:42:51";"";"";""
480;"";37;79;"";20;"2020-01-26 18:51:29";"2020-01-26 18:51:29";"";"";""
481;"";23;19;"";7;"2020-05-28 06:28:22";"2020-05-28 06:28:22";"";"";""
482;"";63;22;"";16;"2020-03-18 04:43:18";"2020-03-18 04:43:18";"";"";""
483;"";150;41;"";20;"2020-05-05 04:40:35";"2020-05-05 04:40:35";"";"";""
484;"";73;78;"";9;"2020-03-17 03:12:29";"2020-03-17 03:12:29";"";"";""
485;"";147;20;"";7;"2020-03-01 13:42:04";"2020-03-01 13:42:04";"";"";""
486;"";31;26;"";20;"2020-01-15 03:51:23";"2020-01-15 03:51:23";"";"";""
487;"";22;5;"";6;"2020-04-28 14:20:46";"2020-04-28 14:20:46";"";"";""
488;"";166;50;"";1;"2020-03-18 10:54:52";"2020-03-18 10:54:52";"";"";""
489;"";80;20;"";9;"2020-04-23 11:20:48";"2020-04-23 11:20:48";"";"";""
490;"";68;6;"";8;"2020-01-25 16:05:37";"2020-01-25 16:05:37";"";"";""
491;"";89;67;"";16;"2020-03-15 16:42:42";"2020-03-15 16:42:42";"";"";""
492;"";21;43;"";9;"2020-02-01 20:51:25";"2020-02-01 20:51:25";"";"";""
493;"";1;45;"";20;"2020-02-13 04:51:02";"2020-02-13 04:51:02";"";"";""
494;"";48;45;"";17;"2020-04-29 17:47:23";"2020-04-29 17:47:23";"";"";""
495;"";134;72;"";6;"2020-01-07 17:25:37";"2020-01-07 17:25:37";"";"";""
496;"";37;12;"";20;"2020-04-26 21:02:03";"2020-04-26 21:02:03";"";"";""
497;"";143;16;"";18;"2020-01-11 01:13:39";"2020-01-11 01:13:39";"";"";""
498;"";35;40;"";18;"2020-01-23 12:35:51";"2020-01-23 12:35:51";"";"";""
499;"";71;54;"";20;"2020-04-21 22:04:27";"2020-04-21 22:04:27";"";"";""
500;"";7;61;"";1;"2020-02-16 15:13:22";"2020-02-16 15:13:22";"";"";""
501;"";163;48;"";16;"2020-03-22 20:48:40";"2020-03-22 20:48:40";"";"";""
502;"";154;17;"";1;"2020-02-16 22:28:29";"2020-02-16 22:28:29";"";"";""
503;"";129;29;"";5;"2020-01-22 02:15:06";"2020-01-22 02:15:06";"";"";""
504;"";48;73;"";11;"2020-04-09 18:41:39";"2020-04-09 18:41:39";"";"";""
505;"";16;61;"";10;"2020-05-15 18:24:15";"2020-05-15 18:24:15";"";"";""
506;"";159;62;"";8;"2020-04-09 01:03:32";"2020-04-09 01:03:32";"";"";""
507;"";58;76;"";16;"2020-03-07 10:09:31";"2020-03-07 10:09:31";"";"";""
508;"";42;11;"";10;"2020-03-28 02:26:19";"2020-03-28 02:26:19";"";"";""
509;"";153;74;"";6;"2020-04-15 17:00:54";"2020-04-15 17:00:54";"";"";""
510;"";20;11;"";5;"2020-04-15 08:35:56";"2020-04-15 08:35:56";"";"";""
511;"";73;10;"";8;"2020-02-03 13:53:34";"2020-02-03 13:53:34";"";"";""
512;"";8;49;"";20;"2020-04-29 03:26:57";"2020-04-29 03:26:57";"";"";""
513;"";15;5;"";8;"2020-03-01 12:55:46";"2020-03-01 12:55:46";"";"";""
514;"";85;4;"";20;"2020-05-20 11:52:36";"2020-05-20 11:52:36";"";"";""
515;"";117;35;"";14;"2020-03-04 05:16:07";"2020-03-04 05:16:07";"";"";""
516;"";100;48;"";20;"2020-06-01 11:48:02";"2020-06-01 11:48:02";"";"";""
517;"";119;58;"";11;"2020-03-11 21:42:35";"2020-03-11 21:42:35";"";"";""
518;"";9;5;"";14;"2020-01-11 05:33:19";"2020-01-11 05:33:19";"";"";""
519;"";8;69;"";20;"2020-05-04 08:29:55";"2020-05-04 08:29:55";"";"";""
520;"";111;14;"";3;"2020-05-05 11:12:55";"2020-05-05 11:12:55";"";"";""
521;"";133;20;"";1;"2020-04-05 23:57:01";"2020-04-05 23:57:01";"";"";""
522;"";143;32;"";18;"2020-04-29 11:20:15";"2020-04-29 11:20:15";"";"";""
523;"";157;3;"";19;"2020-01-02 16:25:03";"2020-01-02 16:25:03";"";"";""
524;"";63;42;"";16;"2020-01-11 21:21:47";"2020-01-11 21:21:47";"";"";""
525;"";117;14;"";17;"2020-03-11 16:57:01";"2020-03-11 16:57:01";"";"";""
526;"";140;9;"";15;"2020-03-08 14:15:02";"2020-03-08 14:15:02";"";"";""
527;"";143;6;"";18;"2020-03-02 00:03:00";"2020-03-02 00:03:00";"";"";""
528;"";130;21;"";7;"2020-05-31 06:08:21";"2020-05-31 06:08:21";"";"";""
529;"";58;12;"";12;"2020-03-09 06:36:18";"2020-03-09 06:36:18";"";"";""
530;"";3;14;"";15;"2020-02-28 04:24:05";"2020-02-28 04:24:05";"";"";""
531;"";162;31;"";20;"2020-01-09 18:12:34";"2020-01-09 18:12:34";"";"";""
532;"";137;16;"";19;"2020-05-02 00:23:03";"2020-05-02 00:23:03";"";"";""
533;"";96;42;"";4;"2020-02-22 09:05:46";"2020-02-22 09:05:46";"";"";""
534;"";98;8;"";17;"2020-04-08 19:21:56";"2020-04-08 19:21:56";"";"";""
535;"";87;14;"";18;"2020-02-19 00:01:49";"2020-02-19 00:01:49";"";"";""
536;"";49;18;"";4;"2020-02-25 23:32:44";"2020-02-25 23:32:44";"";"";""
537;"";41;19;"";11;"2020-05-13 06:22:13";"2020-05-13 06:22:13";"";"";""
538;"";139;35;"";7;"2020-01-23 08:54:32";"2020-01-23 08:54:32";"";"";""
539;"";115;44;"";4;"2020-02-13 04:59:06";"2020-02-13 04:59:06";"";"";""
540;"";85;18;"";20;"2020-04-22 02:18:43";"2020-04-22 02:18:43";"";"";""
541;"";156;26;"";13;"2020-02-14 08:32:54";"2020-02-14 08:32:54";"";"";""
542;"";146;67;"";16;"2020-04-01 14:21:10";"2020-04-01 14:21:10";"";"";""
543;"";106;37;"";7;"2020-01-27 03:28:36";"2020-01-27 03:28:36";"";"";""
544;"";162;77;"";20;"2020-02-17 01:16:52";"2020-02-17 01:16:52";"";"";""
545;"";101;58;"";14;"2020-03-27 03:02:22";"2020-03-27 03:02:22";"";"";""
546;"";154;5;"";6;"2020-04-24 16:19:51";"2020-04-24 16:19:51";"";"";""
547;"";99;52;"";7;"2020-04-25 05:17:05";"2020-04-25 05:17:05";"";"";""
548;"";163;38;"";12;"2020-04-28 04:47:52";"2020-04-28 04:47:52";"";"";""
549;"";72;66;"";16;"2020-01-23 15:18:48";"2020-01-23 15:18:48";"";"";""
550;"";116;70;"";3;"2020-01-17 00:40:29";"2020-01-17 00:40:29";"";"";""
551;"";71;13;"";20;"2020-01-12 18:43:14";"2020-01-12 18:43:14";"";"";""
552;"";33;76;"";15;"2020-05-01 19:40:26";"2020-05-01 19:40:26";"";"";""
553;"";128;33;"";10;"2020-02-01 00:26:04";"2020-02-01 00:26:04";"";"";""
554;"";113;41;"";18;"2020-04-14 02:07:29";"2020-04-14 02:07:29";"";"";""
555;"";106;72;"";7;"2020-04-03 03:43:48";"2020-04-03 03:43:48";"";"";""
556;"";6;41;"";5;"2020-04-21 20:31:47";"2020-04-21 20:31:47";"";"";""
557;"";120;10;"";20;"2020-01-20 23:17:14";"2020-01-20 23:17:14";"";"";""
558;"";116;73;"";3;"2020-01-08 01:46:20";"2020-01-08 01:46:20";"";"";""
559;"";16;73;"";15;"2020-01-21 03:52:29";"2020-01-21 03:52:29";"";"";""
560;"";159;5;"";8;"2020-05-10 18:14:07";"2020-05-10 18:14:07";"";"";""
561;"";26;11;"";7;"2020-05-08 11:38:23";"2020-05-08 11:38:23";"";"";""
562;"";41;27;"";11;"2020-05-24 02:17:55";"2020-05-24 02:17:55";"";"";""
563;"";4;43;"";18;"2020-04-21 06:34:20";"2020-04-21 06:34:20";"";"";""
564;"";131;18;"";2;"2020-05-04 05:53:14";"2020-05-04 05:53:14";"";"";""
565;"";59;77;"";4;"2020-05-19 19:41:31";"2020-05-19 19:41:31";"";"";""
566;"";160;48;"";5;"2020-01-06 01:31:16";"2020-01-06 01:31:16";"";"";""
567;"";97;56;"";7;"2020-05-01 23:49:52";"2020-05-01 23:49:52";"";"";""
568;"";6;59;"";5;"2020-05-06 00:59:48";"2020-05-06 00:59:48";"";"";""
569;"";2;61;"";18;"2020-01-18 15:01:55";"2020-01-18 15:01:55";"";"";""
570;"";159;72;"";8;"2020-01-03 14:14:03";"2020-01-03 14:14:03";"";"";""
571;"";15;48;"";7;"2020-04-30 13:51:31";"2020-04-30 13:51:31";"";"";""
572;"";14;38;"";12;"2020-02-29 17:08:36";"2020-02-29 17:08:36";"";"";""
573;"";46;74;"";15;"2020-04-17 13:08:57";"2020-04-17 13:08:57";"";"";""
574;"";79;25;"";20;"2020-04-23 16:24:16";"2020-04-23 16:24:16";"";"";""
575;"";110;64;"";6;"2020-04-27 05:11:55";"2020-04-27 05:11:55";"";"";""
576;"";81;70;"";9;"2020-01-13 10:42:41";"2020-01-13 10:42:41";"";"";""
577;"";30;71;"";5;"2020-05-30 02:32:35";"2020-05-30 02:32:35";"";"";""
578;"";43;62;"";8;"2020-01-09 01:00:11";"2020-01-09 01:00:11";"";"";""
579;"";68;27;"";9;"2020-01-10 21:27:16";"2020-01-10 21:27:16";"";"";""
580;"";122;4;"";19;"2020-04-15 09:42:49";"2020-04-15 09:42:49";"";"";""
581;"";7;76;"";1;"2020-03-15 05:03:22";"2020-03-15 05:03:22";"";"";""
582;"";141;29;"";10;"2020-05-21 11:45:17";"2020-05-21 11:45:17";"";"";""
583;"";60;72;"";5;"2020-05-26 14:30:56";"2020-05-26 14:30:56";"";"";""
584;"";76;75;"";12;"2020-02-23 03:40:06";"2020-02-23 03:40:06";"";"";""
585;"";153;76;"";5;"2020-01-20 20:37:48";"2020-01-20 20:37:48";"";"";""
586;"";34;49;"";16;"2020-05-30 23:00:39";"2020-05-30 23:00:39";"";"";""
587;"";90;75;"";9;"2020-04-12 04:11:54";"2020-04-12 04:11:54";"";"";""
588;"";59;76;"";13;"2020-02-11 07:27:16";"2020-02-11 07:27:16";"";"";""
589;"";42;43;"";15;"2020-03-01 22:47:05";"2020-03-01 22:47:05";"";"";""
590;"";71;45;"";20;"2020-03-23 08:26:19";"2020-03-23 08:26:19";"";"";""
591;"";31;2;"";20;"2020-02-22 09:49:15";"2020-02-22 09:49:15";"";"";""
592;"";74;10;"";11;"2020-01-04 04:44:04";"2020-01-04 04:44:04";"";"";""
593;"";18;1;"";9;"2020-01-01 16:46:41";"2020-01-01 16:46:41";"";"";""
594;"";97;11;"";7;"2020-03-01 23:32:25";"2020-03-01 23:32:25";"";"";""
595;"";162;67;"";20;"2020-04-10 19:10:58";"2020-04-10 19:10:58";"";"";""
596;"";73;25;"";9;"2020-05-29 06:47:01";"2020-05-29 06:47:01";"";"";""
597;"";102;36;"";19;"2020-03-24 10:55:42";"2020-03-24 10:55:42";"";"";""
598;"";25;48;"";4;"2020-03-24 08:25:38";"2020-03-24 08:25:38";"";"";""
599;"";133;53;"";5;"2020-02-12 01:17:42";"2020-02-12 01:17:42";"";"";""
600;"";151;58;"";17;"2020-02-24 16:23:20";"2020-02-24 16:23:20";"";"";""
601;"";148;79;"";10;"2020-01-28 17:10:56";"2020-01-28 17:10:56";"";"";""
602;"";76;43;"";16;"2020-05-09 00:35:07";"2020-05-09 00:35:07";"";"";""
603;"";5;17;"";16;"2020-02-06 07:44:55";"2020-02-06 07:44:55";"";"";""
604;"";70;67;"";20;"2020-01-27 12:10:29";"2020-01-27 12:10:29";"";"";""
605;"";154;24;"";1;"2020-04-23 03:48:04";"2020-04-23 03:48:04";"";"";""
606;"";86;67;"";4;"2020-05-15 05:36:01";"2020-05-15 05:36:01";"";"";""
607;"";164;70;"";20;"2020-03-09 10:06:03";"2020-03-09 10:06:03";"";"";""
608;"";46;24;"";19;"2020-01-02 15:33:20";"2020-01-02 15:33:20";"";"";""
609;"";74;71;"";17;"2020-05-12 23:06:40";"2020-05-12 23:06:40";"";"";""
610;"";86;77;"";4;"2020-04-20 18:25:34";"2020-04-20 18:25:34";"";"";""
611;"";15;58;"";7;"2020-04-18 16:06:37";"2020-04-18 16:06:37";"";"";""
612;"";127;46;"";17;"2020-02-12 01:25:34";"2020-02-12 01:25:34";"";"";""
613;"";92;47;"";8;"2020-03-05 07:10:24";"2020-03-05 07:10:24";"";"";""
614;"";136;2;"";12;"2020-01-02 08:53:47";"2020-01-02 08:53:47";"";"";""
615;"";114;18;"";9;"2020-03-22 01:52:46";"2020-03-22 01:52:46";"";"";""
616;"";32;30;"";17;"2020-01-24 21:59:37";"2020-01-24 21:59:37";"";"";""
617;"";108;69;"";3;"2020-05-14 11:58:37";"2020-05-14 11:58:37";"";"";""
618;"";10;47;"";9;"2020-01-03 03:06:30";"2020-01-03 03:06:30";"";"";""
619;"";43;65;"";8;"2020-01-19 03:32:43";"2020-01-19 03:32:43";"";"";""
620;"";30;67;"";6;"2020-04-26 21:45:40";"2020-04-26 21:45:40";"";"";""
621;"";72;56;"";2;"2020-05-25 01:24:27";"2020-05-25 01:24:27";"";"";""
622;"";84;13;"";12;"2020-01-23 20:55:59";"2020-01-23 20:55:59";"";"";""
623;"";116;77;"";19;"2020-01-23 11:13:24";"2020-01-23 11:13:24";"";"";""
624;"";112;20;"";20;"2020-03-22 17:33:57";"2020-03-22 17:33:57";"";"";""
625;"";38;79;"";3;"2020-05-13 15:58:48";"2020-05-13 15:58:48";"";"";""
626;"";163;30;"";16;"2020-05-14 15:31:05";"2020-05-14 15:31:05";"";"";""
627;"";74;20;"";14;"2020-04-10 02:54:09";"2020-04-10 02:54:09";"";"";""
628;"";80;25;"";7;"2020-04-09 07:24:59";"2020-04-09 07:24:59";"";"";""
629;"";126;7;"";9;"2020-01-10 22:59:14";"2020-01-10 22:59:14";"";"";""
630;"";29;69;"";18;"2020-03-25 08:27:27";"2020-03-25 08:27:27";"";"";""
631;"";107;56;"";12;"2020-03-29 19:26:45";"2020-03-29 19:26:45";"";"";""
632;"";113;55;"";4;"2020-05-03 03:15:50";"2020-05-03 03:15:50";"";"";""
633;"";62;3;"";14;"2020-01-28 16:16:37";"2020-01-28 16:16:37";"";"";""
634;"";39;33;"";20;"2020-03-10 10:14:00";"2020-03-10 10:14:00";"";"";""
635;"";56;10;"";12;"2020-02-20 02:59:55";"2020-02-20 02:59:55";"";"";""
636;"";28;53;"";18;"2020-04-10 22:28:25";"2020-04-10 22:28:25";"";"";""
637;"";26;6;"";7;"2020-03-07 11:29:11";"2020-03-07 11:29:11";"";"";""
638;"";66;69;"";12;"2020-03-28 09:53:06";"2020-03-28 09:53:06";"";"";""
639;"";39;43;"";20;"2020-02-25 10:08:27";"2020-02-25 10:08:27";"";"";""
640;"";32;42;"";11;"2020-02-09 04:52:12";"2020-02-09 04:52:12";"";"";""
641;"";42;60;"";3;"2020-03-15 01:25:10";"2020-03-15 01:25:10";"";"";""
642;"";124;36;"";20;"2020-05-08 17:29:26";"2020-05-08 17:29:26";"";"";""
643;"";61;42;"";15;"2020-02-18 09:04:17";"2020-02-18 09:04:17";"";"";""
644;"";129;26;"";1;"2020-03-17 18:48:57";"2020-03-17 18:48:57";"";"";""
645;"";15;28;"";8;"2020-04-02 21:31:15";"2020-04-02 21:31:15";"";"";""
646;"";15;29;"";7;"2020-05-07 15:36:18";"2020-05-07 15:36:18";"";"";""
647;"";52;65;"";2;"2020-05-15 16:38:22";"2020-05-15 16:38:22";"";"";""
648;"";153;17;"";5;"2020-06-01 12:13:31";"2020-06-01 12:13:31";"";"";""
649;"";67;14;"";11;"2020-02-11 03:55:18";"2020-02-11 03:55:18";"";"";""
650;"";28;59;"";13;"2020-04-15 18:21:06";"2020-04-15 18:21:06";"";"";""
651;"";67;63;"";11;"2020-02-10 19:05:59";"2020-02-10 19:05:59";"";"";""
652;"";64;6;"";17;"2020-02-04 19:37:10";"2020-02-04 19:37:10";"";"";""
653;"";119;54;"";11;"2020-05-20 15:37:31";"2020-05-20 15:37:31";"";"";""
654;"";150;14;"";20;"2020-05-07 09:39:38";"2020-05-07 09:39:38";"";"";""
655;"";6;62;"";5;"2020-05-07 19:04:14";"2020-05-07 19:04:14";"";"";""
656;"";113;20;"";18;"2020-01-03 13:19:58";"2020-01-03 13:19:58";"";"";""
657;"";58;61;"";12;"2020-04-11 20:22:38";"2020-04-11 20:22:38";"";"";""
658;"";72;20;"";2;"2020-03-07 18:34:39";"2020-03-07 18:34:39";"";"";""
659;"";47;9;"";20;"2020-01-30 20:29:26";"2020-01-30 20:29:26";"";"";""
660;"";31;9;"";20;"2020-04-07 13:37:50";"2020-04-07 13:37:50";"";"";""
661;"";109;42;"";11;"2020-02-04 12:13:15";"2020-02-04 12:13:15";"";"";""
662;"";83;22;"";4;"2020-04-23 01:31:51";"2020-04-23 01:31:51";"";"";""
663;"";125;20;"";4;"2020-01-31 19:38:41";"2020-01-31 19:38:41";"";"";""
664;"";61;38;"";10;"2020-03-01 05:39:53";"2020-03-01 05:39:53";"";"";""
665;"";45;21;"";12;"2020-05-17 03:58:15";"2020-05-17 03:58:15";"";"";""
666;"";123;36;"";11;"2020-04-24 03:31:31";"2020-04-24 03:31:31";"";"";""
667;"";15;29;"";7;"2020-03-14 04:27:59";"2020-03-14 04:27:59";"";"";""
668;"";144;44;"";11;"2020-03-07 02:12:34";"2020-03-07 02:12:34";"";"";""
669;"";65;53;"";17;"2020-02-10 17:30:25";"2020-02-10 17:30:25";"";"";""
670;"";120;77;"";20;"2020-05-29 03:35:26";"2020-05-29 03:35:26";"";"";""
671;"";34;65;"";12;"2020-01-21 05:02:55";"2020-01-21 05:02:55";"";"";""
672;"";27;79;"";18;"2020-03-29 13:44:11";"2020-03-29 13:44:11";"";"";""
673;"";9;69;"";11;"2020-02-24 04:51:23";"2020-02-24 04:51:23";"";"";""
674;"";166;46;"";6;"2020-03-23 14:00:55";"2020-03-23 14:00:55";"";"";""
675;"";83;9;"";18;"2020-01-07 16:33:24";"2020-01-07 16:33:24";"";"";""
676;"";34;73;"";12;"2020-02-04 13:35:57";"2020-02-04 13:35:57";"";"";""
677;"";30;34;"";6;"2020-01-16 12:16:31";"2020-01-16 12:16:31";"";"";""
678;"";126;50;"";7;"2020-05-26 07:06:00";"2020-05-26 07:06:00";"";"";""
679;"";72;63;"";2;"2020-02-01 05:51:30";"2020-02-01 05:51:30";"";"";""
680;"";127;63;"";11;"2020-03-31 19:33:21";"2020-03-31 19:33:21";"";"";""
681;"";99;26;"";9;"2020-02-22 15:08:11";"2020-02-22 15:08:11";"";"";""
682;"";131;54;"";12;"2020-02-14 23:50:01";"2020-02-14 23:50:01";"";"";""
683;"";152;5;"";3;"2020-04-08 13:09:12";"2020-04-08 13:09:12";"";"";""
684;"";127;10;"";17;"2020-05-04 06:28:59";"2020-05-04 06:28:59";"";"";""
685;"";97;60;"";8;"2020-01-27 00:56:41";"2020-01-27 00:56:41";"";"";""
686;"";91;63;"";14;"2020-02-19 09:02:09";"2020-02-19 09:02:09";"";"";""
687;"";158;49;"";20;"2020-02-27 21:42:57";"2020-02-27 21:42:57";"";"";""
688;"";93;41;"";18;"2020-03-01 10:57:56";"2020-03-01 10:57:56";"";"";""
689;"";70;28;"";20;"2020-05-05 21:15:15";"2020-05-05 21:15:15";"";"";""
690;"";165;14;"";11;"2020-03-19 04:03:40";"2020-03-19 04:03:40";"";"";""
691;"";75;36;"";13;"2020-03-01 19:46:35";"2020-03-01 19:46:35";"";"";""
