,rental_id,value,created_date,created_staff,payed_date,confirmed_date,confirmed_staff
0,8,18.5,2020-01-01 08:59:18.139525,17,2020-01-01 12:38:22.325535,2020-01-01 13:55:48.837150,14.0
1,9,35.6,2020-01-01 08:59:18.139525,17,2020-01-01 09:50:55.813935,2020-01-01 11:59:18.139495,17.0
2,10,20.5,2020-01-01 09:58:36.279050,6,2020-01-01 10:35:34.883695,2020-01-01 14:55:06.976675,2.0
3,11,36.8,2020-01-01 09:58:36.279050,6,2020-01-01 14:20:13.953425,2020-01-01 14:55:06.976675,2.0
4,19,22.5,2020-01-01 09:58:36.279050,6,2020-01-01 10:41:09.767415,2020-01-01 14:55:06.976675,2.0
5,4,48.0,2020-01-01 10:55:06.976715,18,2020-01-01 11:35:34.883685,2020-01-01 11:57:54.418565,4.0
6,17,12.8,2020-01-01 10:55:06.976715,18,2020-01-01 19:27:54.418490,2020-01-02 01:55:48.837030,13.0
7,18,35.6,2020-01-01 10:55:06.976715,18,2020-01-01 12:45:20.930185,2020-01-02 01:55:48.837030,13.0
8,3,60.1,2020-01-01 10:55:48.837180,20,2020-01-01 20:50:13.953360,2020-01-01 20:57:54.418475,20.0
9,14,81.9,2020-01-01 10:55:48.837180,20,2020-01-01 15:05:34.883650,2020-01-01 18:59:18.139425,20.0
10,23,77.6,2020-01-01 10:55:48.837180,20,2020-01-01 11:20:13.953455,2020-01-01 18:59:18.139425,20.0
11,2,49.8,2020-01-01 10:56:30.697645,16,2020-01-01 12:46:02.790650,2020-01-01 14:59:18.139465,16.0
12,12,45.8,2020-01-01 10:56:30.697645,16,2020-01-01 19:59:59.999880,2020-01-01 21:59:18.139395,16.0
13,13,28.9,2020-01-01 10:56:30.697645,16,2020-01-01 14:36:16.744120,2020-01-01 14:59:18.139465,16.0
14,24,20.3,2020-01-01 10:59:18.139505,2,2020-01-01 12:49:32.092975,2020-01-01 14:55:06.976675,2.0
15,29,68.8,2020-01-01 11:56:30.697635,16,2020-01-01 12:02:05.581355,2020-01-01 14:59:18.139465,16.0
16,25,25.3,2020-01-01 11:57:12.558100,6,2020-01-01 14:49:32.092955,2020-01-01 14:55:06.976675,2.0
17,27,42.5,2020-01-01 11:57:12.558100,6,2020-01-01 13:43:57.209245,2020-01-01 14:55:06.976675,2.0
18,40,27.2,2020-01-01 12:56:30.697625,16,2020-01-01 22:20:13.953345,2020-01-02 09:59:18.139275,16.0
19,16,26.2,2020-01-01 12:57:54.418555,14,2020-01-01 13:36:58.604595,2020-01-01 13:55:48.837150,14.0
20,20,34.6,2020-01-01 12:57:54.418555,14,2020-01-01 13:13:57.209250,2020-01-01 13:55:48.837150,14.0
21,30,51.6,2020-01-01 12:57:54.418555,14,2020-01-01 16:03:29.302245,2020-01-02 11:56:30.697395,11.0
22,0,32.0,2020-01-01 13:56:30.697615,8,2020-01-01 18:11:51.627805,2020-01-01 18:55:48.837100,9.0
23,6,20.5,2020-01-01 13:56:30.697615,8,2020-01-01 20:29:18.139410,2020-01-01 20:59:18.139405,8.0
24,7,20.5,2020-01-01 13:56:30.697615,8,2020-01-01 20:25:48.837085,2020-01-01 20:59:18.139405,8.0
25,21,68.9,2020-01-01 13:56:30.697615,8,2020-01-01 14:09:46.046450,2020-01-01 18:55:48.837100,9.0
26,36,23.5,2020-01-01 13:56:30.697615,8,2020-01-01 14:05:34.883660,2020-01-01 18:55:48.837100,9.0
27,39,55.2,2020-01-01 13:56:30.697615,8,2020-01-01 14:39:04.185980,2020-01-01 18:55:48.837100,9.0
28,46,25.3,2020-01-01 13:56:30.697615,8,2020-01-01 14:09:46.046450,2020-01-01 18:55:48.837100,9.0
29,31,43.2,2020-01-01 13:57:12.558080,13,2020-01-01 16:25:06.976660,2020-01-02 01:55:48.837030,13.0
30,32,25.3,2020-01-01 13:57:12.558080,13,2020-01-01 17:01:23.720840,2020-01-02 01:55:48.837030,13.0
31,35,27.0,2020-01-01 13:57:12.558080,13,2020-01-01 15:31:23.720855,2020-01-02 01:55:48.837030,13.0
32,45,5.9,2020-01-01 13:57:54.418545,16,2020-01-01 22:20:13.953345,2020-01-02 09:59:18.139275,16.0
33,53,44.0,2020-01-01 14:56:30.697605,13,2020-01-02 20:17:26.511265,2020-01-02 22:58:36.278680,4.0
34,50,60.1,2020-01-01 14:57:12.558070,7,2020-01-01 20:25:48.837085,2020-01-01 20:59:18.139405,8.0
35,65,11.8,2020-01-01 15:56:30.697595,9,2020-01-01 16:43:57.209215,2020-01-01 18:55:48.837100,9.0
36,62,71.6,2020-01-01 15:57:54.418525,4,2020-01-01 20:52:19.534755,2020-01-02 01:55:48.837030,13.0
37,64,19.5,2020-01-01 15:57:54.418525,4,2020-01-01 19:27:54.418490,2020-01-02 01:55:48.837030,13.0
38,69,28.0,2020-01-01 15:57:54.418525,4,2020-01-01 23:35:34.883565,2020-01-02 01:55:48.837030,13.0
39,70,13.8,2020-01-01 15:57:54.418525,4,2020-01-01 16:09:04.185965,2020-01-02 01:55:48.837030,13.0
40,1,20.5,2020-01-01 15:58:36.278990,10,2020-01-01 18:32:05.581290,2020-01-02 06:58:36.278840,12.0
41,5,54.3,2020-01-01 15:58:36.278990,10,2020-01-01 20:11:09.767320,2020-01-02 06:58:36.278840,12.0
42,15,20.5,2020-01-01 15:58:36.278990,10,2020-01-02 00:08:22.325420,2020-01-02 06:58:36.278840,12.0
43,22,51.6,2020-01-01 15:58:36.278990,10,2020-01-02 00:08:22.325420,2020-01-02 06:58:36.278840,12.0
44,52,28.0,2020-01-01 15:58:36.278990,10,2020-01-02 00:08:22.325420,2020-01-02 06:58:36.278840,12.0
45,60,47.9,2020-01-01 15:58:36.278990,10,2020-01-01 23:39:46.046355,2020-01-02 06:58:36.278840,12.0
46,73,20.5,2020-01-01 17:58:36.278970,8,2020-01-01 18:11:51.627805,2020-01-01 18:55:48.837100,9.0
47,76,40.1,2020-01-01 17:58:36.278970,8,2020-01-01 19:13:57.209190,2020-01-01 20:59:18.139405,8.0
48,48,52.5,2020-01-01 18:55:06.976635,16,2020-01-01 21:50:13.953350,2020-01-01 21:59:18.139395,16.0
49,59,19.5,2020-01-01 18:55:06.976635,16,2020-01-01 20:16:02.790575,2020-01-01 21:59:18.139395,16.0
50,63,39.1,2020-01-01 18:55:06.976635,16,2020-01-01 19:59:59.999880,2020-01-01 21:59:18.139395,16.0
51,68,6.9,2020-01-01 18:55:06.976635,16,2020-01-01 19:13:15.348725,2020-01-01 19:55:06.976625,16.0
52,75,19.8,2020-01-01 18:55:06.976635,16,2020-01-02 00:42:33.488205,2020-01-02 09:59:18.139275,16.0
53,82,49.2,2020-01-01 18:55:06.976635,16,2020-01-01 20:16:02.790575,2020-01-01 21:59:18.139395,16.0
54,86,19.8,2020-01-01 18:55:06.976635,16,2020-01-01 19:59:59.999880,2020-01-01 21:59:18.139395,16.0
55,74,20.5,2020-01-01 18:58:36.278960,4,2020-01-01 23:35:34.883565,2020-01-02 01:55:48.837030,13.0
56,77,39.9,2020-01-01 18:58:36.278960,4,2020-01-02 03:12:33.488180,2020-01-02 04:55:06.976535,18.0
57,78,33.8,2020-01-01 18:58:36.278960,4,2020-01-02 20:17:26.511265,2020-01-02 22:58:36.278680,4.0
58,84,21.3,2020-01-01 18:58:36.278960,4,2020-01-01 22:39:46.046365,2020-01-02 01:55:48.837030,13.0
59,71,32.8,2020-01-01 19:55:48.837090,12,2020-01-02 04:11:09.767240,2020-01-02 06:58:36.278840,12.0
60,85,41.5,2020-01-01 19:55:48.837090,12,2020-01-02 04:11:09.767240,2020-01-02 06:58:36.278840,12.0
61,90,23.5,2020-01-01 19:55:48.837090,12,2020-01-01 21:23:43.255680,2020-01-02 06:58:36.278840,12.0
62,83,51.9,2020-01-01 19:57:54.418485,7,2020-01-01 20:25:48.837085,2020-01-01 20:59:18.139405,8.0
63,51,18.5,2020-01-01 20:56:30.697545,2,2020-01-01 22:47:26.511480,2020-01-02 00:59:18.139365,2.0
64,56,13.6,2020-01-01 20:56:30.697545,2,2020-01-01 22:47:26.511480,2020-01-02 00:59:18.139365,2.0
65,61,39.5,2020-01-01 20:56:30.697545,2,2020-01-02 04:28:36.278865,2020-01-02 07:56:30.697435,2.0
66,66,44.0,2020-01-01 20:56:30.697545,2,2020-01-01 21:53:43.255675,2020-01-01 21:55:06.976605,2.0
67,72,49.2,2020-01-01 20:56:30.697545,2,2020-01-01 21:53:43.255675,2020-01-01 21:55:06.976605,2.0
68,81,25.3,2020-01-01 20:56:30.697545,2,2020-01-01 22:48:50.232410,2020-01-02 00:59:18.139365,2.0
69,92,32.0,2020-01-01 20:56:30.697545,2,2020-01-01 21:48:50.232420,2020-01-01 21:55:06.976605,2.0
70,96,13.6,2020-01-01 20:56:30.697545,2,2020-01-01 22:48:50.232410,2020-01-02 00:59:18.139365,2.0
71,99,6.9,2020-01-01 20:56:30.697545,2,2020-01-01 21:09:46.046380,2020-01-01 21:55:06.976605,2.0
72,43,33.8,2020-01-01 20:57:12.558010,17,2020-01-01 23:00:41.860315,2020-01-02 11:56:30.697395,11.0
73,44,51.6,2020-01-01 20:57:12.558010,17,2020-01-01 21:33:29.302190,2020-01-02 11:56:30.697395,11.0
74,58,6.9,2020-01-01 20:57:12.558010,17,2020-01-01 23:00:41.860315,2020-01-02 11:56:30.697395,11.0
75,79,28.0,2020-01-01 20:57:12.558010,17,2020-01-01 22:43:15.348690,2020-01-02 11:56:30.697395,11.0
76,80,44.0,2020-01-01 20:57:12.558010,17,2020-01-01 21:33:29.302190,2020-01-02 11:56:30.697395,11.0
77,89,40.1,2020-01-01 20:57:12.558010,17,2020-01-02 02:31:23.720745,2020-01-02 11:56:30.697395,11.0
78,91,35.6,2020-01-01 20:57:12.558010,17,2020-01-01 21:33:29.302190,2020-01-02 11:56:30.697395,11.0
79,93,25.3,2020-01-01 20:57:12.558010,17,2020-01-02 05:43:57.209085,2020-01-02 11:56:30.697395,11.0
80,94,42.5,2020-01-01 20:57:12.558010,17,2020-01-02 06:00:41.860245,2020-01-02 11:56:30.697395,11.0
81,100,16.8,2020-01-01 20:57:12.558010,17,2020-01-01 22:49:32.092875,2020-01-02 11:56:30.697395,11.0
82,29,35.6,2020-01-01 20:58:37.278940,16,2020-01-02 15:31:23.720615,2020-01-02 15:56:30.697355,16.0
83,102,55.2,2020-01-01 21:58:36.278930,9,2020-01-01 23:11:09.767290,2020-01-02 00:58:36.278900,7.0
84,103,54.0,2020-01-01 21:58:36.278930,9,2020-01-02 01:15:20.930060,2020-01-02 02:55:48.837020,8.0
85,8,18.5,2020-01-01 22:55:49.837060,11,2020-01-02 05:43:57.209085,2020-01-02 11:56:30.697395,11.0
86,87,18.4,2020-01-01 22:56:30.697525,4,2020-01-02 07:02:47.441630,2020-01-02 07:55:06.976505,4.0
87,19,9.9,2020-01-01 22:57:13.557990,1,2020-01-02 03:53:01.395150,2020-01-02 07:56:30.697435,2.0
88,24,5.9,2020-01-01 22:57:13.557990,1,2020-01-02 00:00:41.860305,2020-01-02 00:59:18.139365,2.0
89,88,35.5,2020-01-01 22:59:18.139385,16,2020-01-02 03:07:40.464925,2020-01-02 09:59:18.139275,16.0
90,97,13.6,2020-01-01 22:59:18.139385,16,2020-01-02 00:30:41.860300,2020-01-02 09:59:18.139275,16.0
91,106,75.5,2020-01-01 22:59:18.139385,16,2020-01-02 00:42:33.488205,2020-01-02 09:59:18.139275,16.0
92,26,45.8,2020-01-01 23:58:36.278910,20,2020-01-02 00:36:58.604485,2020-01-02 02:57:54.418415,20.0
93,28,40.5,2020-01-01 23:58:36.278910,20,2020-01-02 00:54:25.116110,2020-01-02 02:57:54.418415,20.0
94,33,6.9,2020-01-01 23:58:36.278910,20,2020-01-02 00:23:43.255650,2020-01-02 02:57:54.418415,20.0
95,34,12.8,2020-01-01 23:58:36.278910,20,2020-01-02 00:36:58.604485,2020-01-02 02:57:54.418415,20.0
96,37,33.8,2020-01-01 23:58:36.278910,20,2020-01-02 00:11:51.627745,2020-01-02 02:57:54.418415,20.0
97,38,13.8,2020-01-01 23:58:36.278910,20,2020-01-02 00:54:25.116110,2020-01-02 02:57:54.418415,20.0
98,41,56.4,2020-01-01 23:58:36.278910,20,2020-01-02 04:27:12.557935,2020-01-02 09:55:06.976485,20.0
99,42,20.5,2020-01-01 23:58:36.278910,20,2020-01-02 03:01:23.720740,2020-01-02 09:55:06.976485,20.0
100,47,28.8,2020-01-01 23:58:36.278910,20,2020-01-02 00:11:51.627745,2020-01-02 02:57:54.418415,20.0
101,49,6.9,2020-01-01 23:58:36.278910,20,2020-01-02 00:54:25.116110,2020-01-02 02:57:54.418415,20.0
102,54,36.5,2020-01-01 23:58:36.278910,20,2020-01-02 00:36:58.604485,2020-01-02 02:57:54.418415,20.0
103,55,54.6,2020-01-01 23:58:36.278910,20,2020-01-02 00:23:43.255650,2020-01-02 02:57:54.418415,20.0
104,57,33.8,2020-01-01 23:58:36.278910,20,2020-01-02 12:24:25.115995,2020-01-02 14:59:18.139225,20.0
105,67,5.9,2020-01-01 23:58:36.278910,20,2020-01-02 00:36:58.604485,2020-01-02 02:57:54.418415,20.0
106,110,42.0,2020-01-01 23:58:36.278910,20,2020-01-02 00:23:43.255650,2020-01-02 02:57:54.418415,20.0
107,13,22.0,2020-01-02 00:56:31.697505,16,2020-01-02 03:07:40.464925,2020-01-02 09:59:18.139275,16.0
108,29,33.2,2020-01-02 00:56:31.697505,16,2020-01-02 15:31:23.720615,2020-01-02 15:56:30.697355,16.0
109,108,26.2,2020-01-02 00:57:12.557970,17,2020-01-02 02:31:23.720745,2020-01-02 11:56:30.697395,11.0
110,111,12.6,2020-01-02 00:57:12.557970,17,2020-01-02 12:53:43.255525,2020-01-02 12:57:12.557850,17.0
111,112,5.9,2020-01-02 00:57:12.557970,17,2020-01-02 02:31:23.720745,2020-01-02 11:56:30.697395,11.0
112,95,13.8,2020-01-02 01:56:30.697495,15,2020-01-02 05:34:11.162575,2020-01-02 06:58:36.278840,12.0
113,98,81.9,2020-01-02 01:56:30.697495,15,2020-01-02 05:53:01.395130,2020-01-02 06:58:36.278840,12.0
114,101,19.5,2020-01-02 01:56:30.697495,15,2020-01-02 05:32:05.581180,2020-01-02 06:58:36.278840,12.0
115,104,49.2,2020-01-02 01:56:30.697495,15,2020-01-02 05:32:05.581180,2020-01-02 06:58:36.278840,12.0
116,105,68.9,2020-01-02 01:56:30.697495,15,2020-01-02 05:32:05.581180,2020-01-02 06:58:36.278840,12.0
117,113,33.2,2020-01-02 01:57:12.557960,20,2020-01-02 03:38:22.325385,2020-01-02 09:55:06.976485,20.0
118,11,26.9,2020-01-02 01:57:55.418425,6,2020-01-02 05:50:13.953270,2020-01-02 07:56:30.697435,2.0
119,116,33.2,2020-01-02 01:59:18.139355,16,2020-01-02 03:07:40.464925,2020-01-02 09:59:18.139275,16.0
120,120,22.0,2020-01-02 02:56:30.697485,16,2020-01-02 04:59:59.999790,2020-01-02 09:59:18.139275,16.0
121,123,39.9,2020-01-02 03:57:12.557940,20,2020-01-02 09:13:15.348585,2020-01-02 09:55:06.976485,20.0
122,107,40.5,2020-01-02 04:56:30.697465,7,2020-01-02 05:18:08.371880,2020-01-02 12:58:36.278780,8.0
123,109,22.0,2020-01-02 04:56:30.697465,7,2020-01-02 09:09:46.046260,2020-01-02 12:58:36.278780,8.0
124,117,33.2,2020-01-02 04:56:30.697465,7,2020-01-02 18:26:30.697330,2020-01-02 18:57:54.418255,8.0
125,124,64.0,2020-01-02 04:56:30.697465,7,2020-01-02 06:39:04.185820,2020-01-02 12:58:36.278780,8.0
126,127,9.9,2020-01-02 04:56:30.697465,7,2020-01-02 10:31:23.720665,2020-01-02 12:58:36.278780,8.0
127,114,15.8,2020-01-02 04:57:12.557930,1,2020-01-02 05:50:13.953270,2020-01-02 07:56:30.697435,2.0
128,118,42.5,2020-01-02 04:57:12.557930,1,2020-01-02 08:25:06.976500,2020-01-02 11:58:36.278790,2.0
129,121,33.8,2020-01-02 04:57:12.557930,1,2020-01-02 07:19:32.092790,2020-01-02 07:56:30.697435,2.0
130,125,14.4,2020-01-02 04:57:12.557930,1,2020-01-02 07:23:43.255580,2020-01-02 07:56:30.697435,2.0
131,129,26.9,2020-01-02 04:58:36.278860,20,2020-01-02 05:01:23.720720,2020-01-02 09:55:06.976485,20.0
132,115,13.6,2020-01-02 05:55:06.976525,17,2020-01-02 12:34:11.162505,2020-01-02 12:57:12.557850,17.0
133,119,22.0,2020-01-02 05:55:06.976525,17,2020-01-02 09:36:16.743930,2020-01-02 11:56:30.697395,11.0
134,130,22.0,2020-01-02 05:55:06.976525,17,2020-01-02 10:54:25.116010,2020-01-02 11:56:30.697395,11.0
135,36,23.5,2020-01-02 05:55:49.836990,7,2020-01-02 15:34:11.162475,2020-01-02 17:55:06.976405,8.0
136,46,18.4,2020-01-02 05:55:49.836990,7,2020-01-02 06:39:04.185820,2020-01-02 12:58:36.278780,8.0
137,133,33.8,2020-01-02 06:55:48.836980,7,2020-01-02 10:31:23.720665,2020-01-02 12:58:36.278780,8.0
138,132,39.9,2020-01-02 06:57:54.418375,16,2020-01-02 07:11:09.767210,2020-01-02 09:59:18.139275,16.0
139,134,6.9,2020-01-02 06:57:54.418375,16,2020-01-02 09:46:02.790440,2020-01-02 09:59:18.139275,16.0
140,4,29.6,2020-01-02 06:59:19.139305,18,2020-01-02 07:49:32.092785,2020-01-02 07:55:06.976505,4.0
141,31,13.6,2020-01-02 06:59:19.139305,18,2020-01-02 17:06:58.604320,2020-01-02 18:56:30.697325,13.0
142,62,71.6,2020-01-02 06:59:19.139305,18,2020-01-02 07:49:32.092785,2020-01-02 07:55:06.976505,4.0
143,139,32.0,2020-01-02 07:57:54.418365,8,2020-01-02 12:46:44.650875,2020-01-02 12:58:36.278780,8.0
144,138,6.9,2020-01-02 07:59:18.139295,16,2020-01-02 08:20:55.813710,2020-01-02 09:59:18.139275,16.0
145,65,11.8,2020-01-02 08:56:31.697425,7,2020-01-02 10:31:23.720665,2020-01-02 12:58:36.278780,8.0
146,73,6.9,2020-01-02 08:56:31.697425,7,2020-01-02 18:26:30.697330,2020-01-02 18:57:54.418255,8.0
147,76,33.2,2020-01-02 08:56:31.697425,7,2020-01-02 09:50:13.953230,2020-01-02 12:58:36.278780,8.0
148,74,6.9,2020-01-02 08:57:55.418355,18,2020-01-03 01:07:40.464705,2020-01-03 05:59:18.139075,13.0
149,10,6.9,2020-01-02 08:59:19.139285,6,2020-01-02 10:39:46.046245,2020-01-02 11:58:36.278790,2.0
150,11,9.9,2020-01-02 08:59:19.139285,6,2020-01-02 09:02:05.581145,2020-01-02 11:58:36.278790,2.0
151,122,6.9,2020-01-02 09:57:54.418345,18,2020-01-02 23:46:44.650765,2020-01-03 00:55:48.836800,4.0
152,126,20.3,2020-01-02 09:57:54.418345,18,2020-01-02 17:06:58.604320,2020-01-02 18:56:30.697325,13.0
153,128,14.4,2020-01-02 09:57:54.418345,18,2020-01-02 23:46:44.650765,2020-01-03 00:55:48.836800,4.0
154,131,20.5,2020-01-02 09:57:54.418345,18,2020-01-02 17:06:58.604320,2020-01-02 18:56:30.697325,13.0
155,135,19.5,2020-01-02 09:57:54.418345,18,2020-01-03 01:43:57.208885,2020-01-03 05:59:18.139075,13.0
156,137,12.6,2020-01-02 10:59:18.139265,17,2020-01-02 21:40:27.906600,2020-01-03 09:57:54.418105,17.0
157,26,45.8,2020-01-02 11:55:07.976465,20,2020-01-03 01:25:48.836795,2020-01-03 02:58:36.278640,20.0
158,28,13.6,2020-01-02 11:55:07.976465,20,2020-01-02 13:37:40.464820,2020-01-02 14:59:18.139225,20.0
159,38,6.9,2020-01-02 11:55:07.976465,20,2020-01-02 13:37:40.464820,2020-01-02 14:59:18.139225,20.0
160,49,6.9,2020-01-02 11:55:07.976465,20,2020-01-02 13:37:40.464820,2020-01-02 14:59:18.139225,20.0
161,136,35.6,2020-01-02 12:55:06.976455,20,2020-01-02 14:25:06.976440,2020-01-02 14:59:18.139225,20.0
162,113,33.2,2020-01-02 13:55:07.976445,20,2020-01-03 03:09:04.185615,2020-01-03 14:59:18.138985,20.0
163,123,39.9,2020-01-02 13:55:07.976445,20,2020-01-02 19:39:46.046155,2020-01-02 19:58:36.278710,20.0
164,92,13.6,2020-01-02 13:58:37.278770,6,2020-01-02 14:35:34.883415,2020-01-02 17:57:12.557800,6.0
165,114,9.9,2020-01-02 13:58:37.278770,6,2020-01-02 14:35:34.883415,2020-01-02 17:57:12.557800,6.0
166,18,22.0,2020-01-02 14:55:49.836900,13,2020-01-02 15:30:41.860150,2020-01-02 18:56:30.697325,13.0
167,31,29.6,2020-01-02 14:55:49.836900,13,2020-01-02 17:06:58.604320,2020-01-02 18:56:30.697325,13.0
168,64,13.6,2020-01-02 14:55:49.836900,13,2020-01-02 18:39:04.185700,2020-01-02 18:56:30.697325,13.0
169,84,14.4,2020-01-02 14:55:49.836900,13,2020-01-02 16:05:34.883400,2020-01-02 18:56:30.697325,13.0
170,30,18.4,2020-01-02 18:55:07.976395,17,2020-01-03 02:05:34.883300,2020-01-03 09:57:54.418105,17.0
171,44,22.0,2020-01-02 18:55:07.976395,17,2020-01-02 19:09:04.185695,2020-01-03 09:57:54.418105,17.0
172,79,13.6,2020-01-02 18:55:07.976395,17,2020-01-02 21:06:16.743815,2020-01-03 09:57:54.418105,17.0
173,89,40.1,2020-01-02 18:55:07.976395,17,2020-01-02 22:04:11.162410,2020-01-03 09:57:54.418105,17.0
174,91,13.6,2020-01-02 18:55:07.976395,17,2020-01-02 19:09:04.185695,2020-01-03 09:57:54.418105,17.0
175,93,18.4,2020-01-02 18:55:07.976395,17,2020-01-02 20:18:50.232195,2020-01-03 09:57:54.418105,17.0
176,94,35.6,2020-01-02 18:55:07.976395,17,2020-01-02 23:24:25.115885,2020-01-03 09:57:54.418105,17.0
177,100,9.9,2020-01-02 18:55:07.976395,17,2020-01-02 20:32:47.441495,2020-01-03 09:57:54.418105,17.0
178,66,22.0,2020-01-02 18:58:37.278720,1,2020-01-02 19:04:53.022905,2020-01-02 21:55:06.976365,6.0
179,72,49.2,2020-01-02 18:58:37.278720,1,2020-01-02 19:04:53.022905,2020-01-02 21:55:06.976365,6.0
180,99,6.9,2020-01-02 18:58:37.278720,1,2020-01-03 01:02:47.441450,2020-01-03 08:56:30.697185,6.0
181,121,6.9,2020-01-02 18:58:37.278720,1,2020-01-02 21:48:08.371715,2020-01-02 21:55:06.976365,6.0
182,12,45.8,2020-01-02 18:59:19.139185,16,2020-01-03 01:34:11.162375,2020-01-03 03:55:48.836770,16.0
183,40,13.6,2020-01-02 18:59:19.139185,16,2020-01-03 05:19:32.092570,2020-01-03 06:58:36.278600,16.0
184,48,12.6,2020-01-02 18:59:19.139185,16,2020-01-02 20:45:20.929865,2020-01-02 22:56:30.697285,16.0
185,59,6.9,2020-01-02 18:59:19.139185,16,2020-01-02 19:20:55.813600,2020-01-02 19:57:12.557780,16.0
186,63,5.9,2020-01-02 18:59:19.139185,16,2020-01-03 01:34:11.162375,2020-01-03 03:55:48.836770,16.0
187,86,9.9,2020-01-02 18:59:19.139185,16,2020-01-03 01:34:11.162375,2020-01-03 03:55:48.836770,16.0
188,120,22.0,2020-01-02 18:59:19.139185,16,2020-01-02 19:39:04.185690,2020-01-02 19:57:12.557780,16.0
189,134,6.9,2020-01-02 18:59:19.139185,16,2020-01-02 19:53:01.394990,2020-01-02 19:57:12.557780,16.0
190,81,18.4,2020-01-02 19:55:07.976385,6,2020-01-02 21:48:08.371715,2020-01-02 21:55:06.976365,6.0
191,118,35.6,2020-01-02 19:55:07.976385,6,2020-01-02 23:19:32.092630,2020-01-03 08:56:30.697185,6.0
192,43,26.9,2020-01-02 21:56:31.697295,17,2020-01-02 22:01:23.720550,2020-01-03 09:57:54.418105,17.0
193,58,6.9,2020-01-02 21:56:31.697295,17,2020-01-02 22:01:23.720550,2020-01-03 09:57:54.418105,17.0
194,41,56.4,2020-01-02 21:57:55.418225,20,2020-01-02 23:17:26.511235,2020-01-03 02:58:36.278640,20.0
195,42,13.6,2020-01-02 21:57:55.418225,20,2020-01-02 23:30:41.860070,2020-01-03 02:58:36.278640,20.0
196,55,42.0,2020-01-02 21:57:55.418225,20,2020-01-03 01:19:32.092610,2020-01-03 02:58:36.278640,20.0
197,0,13.6,2020-01-02 21:58:37.278690,9,2020-01-03 00:09:46.046110,2020-01-03 03:57:54.418165,8.0
198,124,42.0,2020-01-02 21:58:37.278690,9,2020-01-03 03:42:33.487935,2020-01-03 03:57:54.418165,8.0
199,127,9.9,2020-01-02 21:58:37.278690,9,2020-01-03 02:07:40.464695,2020-01-03 03:57:54.418165,8.0
200,139,18.4,2020-01-02 21:58:37.278690,9,2020-01-02 23:12:33.487980,2020-01-03 03:57:54.418165,8.0
201,38,6.9,2020-01-02 22:57:55.418215,20,2020-01-02 23:26:30.697280,2020-01-03 02:58:36.278640,20.0
202,111,12.6,2020-01-02 23:56:31.697275,14,2020-01-03 02:05:34.883300,2020-01-03 09:57:54.418105,17.0
203,115,13.6,2020-01-02 23:56:31.697275,14,2020-01-03 02:54:25.115850,2020-01-03 09:57:54.418105,17.0
204,53,14.4,2020-01-03 01:55:07.976325,4,2020-01-03 08:48:08.371605,2020-01-03 14:58:36.278520,4.0
205,109,22.0,2020-01-03 02:55:49.836780,7,2020-01-03 03:09:46.046080,2020-01-03 03:57:54.418165,8.0
206,139,13.6,2020-01-03 02:55:49.836780,7,2020-01-03 03:31:23.720495,2020-01-03 03:57:54.418165,8.0
207,45,5.9,2020-01-03 02:57:13.557710,16,2020-01-03 05:19:32.092570,2020-01-03 06:58:36.278600,16.0
208,75,9.9,2020-01-03 02:57:13.557710,16,2020-01-03 08:13:57.208820,2020-01-03 15:58:36.278510,16.0
209,106,35.6,2020-01-03 02:57:13.557710,16,2020-01-03 08:13:57.208820,2020-01-03 15:58:36.278510,16.0
210,116,33.2,2020-01-03 02:57:13.557710,16,2020-01-03 03:36:58.604215,2020-01-03 03:55:48.836770,16.0
211,138,6.9,2020-01-03 02:57:13.557710,16,2020-01-03 06:13:15.348375,2020-01-03 06:58:36.278600,16.0
212,71,26.9,2020-01-03 02:57:55.418175,12,2020-01-03 03:20:55.813520,2020-01-03 06:57:12.557670,10.0
213,95,6.9,2020-01-03 02:57:55.418175,12,2020-01-03 03:49:32.092585,2020-01-03 06:57:12.557670,10.0
214,57,26.9,2020-01-03 03:56:31.697235,20,2020-01-03 09:29:18.139040,2020-01-03 14:59:18.138985,20.0
215,78,33.8,2020-01-03 04:56:31.697225,18,2020-01-03 08:48:08.371605,2020-01-03 14:58:36.278520,4.0
216,117,33.2,2020-01-03 05:57:55.418145,8,2020-01-03 11:48:50.232040,2020-01-03 16:59:18.138965,9.0
217,91,22.0,2020-01-03 07:57:55.418125,14,2020-01-03 10:09:04.185545,2020-01-03 11:56:30.697155,17.0
218,5,14.4,2020-01-03 07:59:19.139055,15,2020-01-03 09:36:16.743690,2020-01-03 17:57:54.418025,12.0
219,15,13.6,2020-01-03 07:59:19.139055,15,2020-01-03 13:13:57.208770,2020-01-03 17:57:54.418025,12.0
220,60,42.0,2020-01-03 07:59:19.139055,15,2020-01-03 12:25:06.976220,2020-01-03 17:57:54.418025,12.0
221,85,5.9,2020-01-03 07:59:19.139055,15,2020-01-03 09:09:46.046020,2020-01-03 17:57:54.418025,12.0
222,95,6.9,2020-01-03 07:59:19.139055,15,2020-01-03 13:13:57.208770,2020-01-03 17:57:54.418025,12.0
223,101,6.9,2020-01-03 09:58:37.278570,3,2020-01-03 12:27:54.418080,2020-01-03 17:57:54.418025,12.0
224,104,35.6,2020-01-03 09:58:37.278570,3,2020-01-03 12:27:54.418080,2020-01-03 17:57:54.418025,12.0
225,105,26.9,2020-01-03 09:58:37.278570,3,2020-01-03 12:27:54.418080,2020-01-03 17:57:54.418025,12.0
226,135,5.9,2020-01-03 21:55:49.836590,18,2020-01-04 01:11:09.766790,2020-01-04 02:58:36.278400,18.0
